Species,SP_CODE,Tree_name,PLOT,Level,REPS,Dendrometer,Time,Stress_Level,FW,DW,WP,LT,LWC,Y,X,DBH,Height,Year,,,,
Southern White Pine,PIST,AP-P1-T1,AP,L1,1,92246682,Pre_Dawn,9,1.87,0.83,1.509,0.133333333,0.556149733,33.9832,-109.489,153.7,21,2025,,,,
Southern White Pine,PIST,AP-P1-T1,AP,L2,1,92246682,Pre_Dawn,9,2.69,1.16,1.628,0.133333333,0.568773234,33.9832,-109.489,153.7,21,2025,,,,
Douglas Fir,PSME,AP-P2-T1,AP,L1,1,92246646,Pre_Dawn,8,NA,NA,NA,NA,NA,33.85047,-109.227,191.3,25.6,2025,,,,
Douglas Fir,PSME,AP-P2-T1,AP,L2,1,92246646,Pre_Dawn,8,NA,NA,NA,NA,NA,33.85047,-109.227,191.3,25.6,2025,,,,
White fir,ABCO,AP-P2-T2,AP,L1,1,92246647,Pre_Dawn,8,8.05,3.24,1.4,0.933333333,0.597515528,33.85135,-109.226,187.5,16.6,2025,,,,
White fir,ABCO,AP-P2-T2,AP,L2,1,92246647,Pre_Dawn,8,2.62,0.91,1.485,0.8,0.652671756,33.85135,-109.226,187.5,16.6,2025,,,,
Corkbark fir,ABLA,AP-P3-T1,AP,L1,1,92246648,Pre_Dawn,0,NA,NA,NA,NA,NA,33.86594,-109.382,NA,NA,2025,,,,
Corkbark fir,ABLA,AP-P3-T1,AP,L2,1,92246648,Pre_Dawn,0,NA,NA,NA,NA,NA,33.86594,-109.382,NA,NA,2025,,,,
Blue spruce,PIPU,AP-P3-T2,AP,L1,1,92246649,Pre_Dawn,6,1.48,0.58,1.131,0.8,0.608108108,33.86523,-109.384,90.5,17.3,2025,,,,
Blue spruce,PIPU,AP-P3-T2,AP,L2,1,92246649,Pre_Dawn,6,1.54,0.68,1.743,0.866666667,0.558441558,33.86523,-109.384,90.5,17.3,2025,,,,
Blue spruce,PIPU,AP-P3-T3,AP,L1,1,92246650,Pre_Dawn,7,2.11,0.69,1.421,1.033333333,0.672985782,33.86495,-109.385,120.3,17.7,2025,,,,
Blue spruce,PIPU,AP-P3-T3,AP,L2,1,92246650,Pre_Dawn,7,0.76,0.19,1.472,0.733333333,0.75,33.86495,-109.385,120.3,17.7,2025,,,,
Southern White Pine,PIST,AP-P1-T1,AP,L1,1,92246682,Mid_Day,9,3.75,1.96,1.561,0.533333333,0.477333333,33.9832,-109.489,153.7,21,2025,,,,
Southern White Pine,PIST,AP-P1-T1,AP,L2,1,92246682,Mid_Day,9,7.98,3.46,1.592,0.433333333,0.56641604,33.9832,-109.489,153.7,21,2025,,,,
Douglas Fir,PSME,AP-P2-T1,AP,L1,1,92246646,Mid_Day,8,NA,NA,NA,NA,NA,33.85047,-109.227,191.3,25.6,2025,,,,
Douglas Fir,PSME,AP-P2-T1,AP,L2,1,92246646,Mid_Day,8,NA,NA,NA,NA,NA,33.85047,-109.227,191.3,25.6,2025,,,,
White fir,ABCO,AP-P2-T2,AP,L1,1,92246647,Mid_Day,8,4.32,1.92,1.726,0.933333333,0.555555556,33.85135,-109.226,187.5,16.6,2025,,,,
White fir,ABCO,AP-P2-T2,AP,L2,1,92246647,Mid_Day,8,2.69,1.49,1.972,0.6,0.446096654,33.85135,-109.226,187.5,16.6,2025,,,,
Corkbark fir,ABLA,AP-P3-T1,AP,L1,1,92246648,Mid_Day,0,NA,NA,NA,NA,NA,33.86594,-109.382,NA,NA,2025,,,,
Corkbark fir,ABLA,AP-P3-T1,AP,L2,1,92246648,Mid_Day,0,NA,NA,NA,NA,NA,33.86594,-109.382,NA,NA,2025,,,,
Blue spruce,PIPU,AP-P3-T2,AP,L1,1,92246649,Mid_Day,6,3.44,1.6,1.538,0.8,0.534883721,33.86523,-109.384,90.5,17.3,2025,,,,
Blue spruce,PIPU,AP-P3-T2,AP,L2,1,92246649,Mid_Day,6,0.86,0.38,1.654,0.733333333,0.558139535,33.86523,-109.384,90.5,17.3,2025,,,,
Blue spruce,PIPU,AP-P3-T3,AP,L1,1,92246650,Mid_Day,7,2.94,1.14,0.994,1.233333333,0.612244898,33.86495,-109.385,120.3,17.7,2025,,,,
Blue spruce,PIPU,AP-P3-T3,AP,L2,1,92246650,Mid_Day,7,1.62,0.55,1.23,0.966666667,0.660493827,33.86495,-109.385,120.3,17.7,2025,,,,
Pinus Ponderosa,PIPO,ARB-P1-T1,ARB,L1,1,92240363,Pre_Dawn,10,NA,NA,NA,NA,NA,35.16143436,-111.7359265,165.5,14.8,2025,,,,
Pinus Ponderosa,PIPO,ARB-P1-T1,ARB,L2,1,92240363,Pre_Dawn,10,NA,NA,NA,NA,NA,35.16143436,-111.7359265,165.5,14.8,2025,,,,
Pinus Ponderosa,PIPO,ARB-P1-T2,ARB,L1,1,92240320,Pre_Dawn,10,NA,NA,NA,NA,NA,35.16149082,-111.7360908,98.5,16.5,2025,,,,
Pinus Ponderosa,PIPO,ARB-P1-T2,ARB,L2,1,92240320,Pre_Dawn,10,NA,NA,NA,NA,NA,35.16149082,-111.7360908,98.5,16.5,2025,,,,
Pinus Ponderosa,PIPO,ARB-P1-T3,ARB,L1,1,92240364,Pre_Dawn,10,NA,NA,NA,NA,NA,35.16158107,-111.7360394,244.5,25,2025,,,,
Pinus Ponderosa,PIPO,ARB-P1-T3,ARB,L2,1,92240364,Pre_Dawn,10,NA,NA,NA,NA,NA,35.16158107,-111.7360394,244.5,25,2025,,,,
Pinus Ponderosa,PIPO,ARB-P1-T4,ARB,L1,1,92240365,Pre_Dawn,10,NA,NA,NA,NA,NA,35.16087018,-111.7352623,153.7,22.7,2025,,,,
Pinus Ponderosa,PIPO,ARB-P1-T4,ARB,L2,1,92240365,Pre_Dawn,10,NA,NA,NA,NA,NA,35.16087018,-111.7352623,153.7,22.7,2025,,,,
Pinus Ponderosa,PIPO,ARB-P1-T5,ARB,L1,1,92240362,Pre_Dawn,10,NA,NA,NA,NA,NA,35.16102159,-111.7354798,105,17.6,2025,,,,
Pinus Ponderosa,PIPO,ARB-P1-T5,ARB,L2,1,92240362,Pre_Dawn,10,NA,NA,NA,NA,NA,35.16102159,-111.7354798,105,17.6,2025,,,,
Pinus Ponderosa,PIPO,ARB-P1-T6,ARB,L1,1,92240369,Pre_Dawn,10,NA,NA,NA,NA,NA,35.16104886,-111.735723,230.8,29.8,2025,,,,
Pinus Ponderosa,PIPO,ARB-P1-T6,ARB,L2,1,92240369,Pre_Dawn,10,NA,NA,NA,NA,NA,35.16104886,-111.735723,230.8,29.8,2025,,,,
Pinus Ponderosa,PIPO,ARB-P1-T1,ARB,L1,1,92240363,Mid_Day,10,3.28,0.36,NA,0.817,0.890243902,35.16143436,-111.7359265,165.5,14.8,2025,,,,
Pinus Ponderosa,PIPO,ARB-P1-T1,ARB,L2,1,92240363,Mid_Day,10,0.92,0.41,NA,0.662,0.554347826,35.16143436,-111.7359265,165.5,14.8,2025,,,,
Pinus Ponderosa,PIPO,ARB-P1-T2,ARB,L1,1,92240320,Mid_Day,10,3.06,0.21,NA,0.866666667,0.931372549,35.16149082,-111.7360908,98.5,16.5,2025,,,,
Pinus Ponderosa,PIPO,ARB-P1-T2,ARB,L2,1,92240320,Mid_Day,10,0.96,0.24,NA,0.638333333,0.75,35.16149082,-111.7360908,98.5,16.5,2025,,,,
Pinus Ponderosa,PIPO,ARB-P1-T3,ARB,L1,1,92240364,Mid_Day,10,0.31,0.16,NA,0.563,0.483870968,35.16158107,-111.7360394,244.5,25,2025,,,,
Pinus Ponderosa,PIPO,ARB-P1-T3,ARB,L2,1,92240364,Mid_Day,10,0.31,0.14,NA,0.582,0.548387097,35.16158107,-111.7360394,244.5,25,2025,,,,
Pinus Ponderosa,PIPO,ARB-P1-T4,ARB,L1,1,92240365,Mid_Day,10,1.46,0.19,-0.865,0.613333333,0.869863014,35.16087018,-111.7352623,153.7,22.7,2025,,,,
Pinus Ponderosa,PIPO,ARB-P1-T4,ARB,L2,1,92240365,Mid_Day,10,2.217,0.18,-2.022,0.348,0.918809202,35.16087018,-111.7352623,153.7,22.7,2025,,,,
Pinus Ponderosa,PIPO,ARB-P1-T5,ARB,L1,1,92240362,Mid_Day,10,4.32,0.19,-2.999,0.466666667,0.956018519,35.16102159,-111.7354798,105,17.6,2025,,,,
Pinus Ponderosa,PIPO,ARB-P1-T5,ARB,L2,1,92240362,Mid_Day,10,0.84,0.24,-2.523,0.506,0.714285714,35.16102159,-111.7354798,105,17.6,2025,,,,
Pinus Ponderosa,PIPO,ARB-P1-T6,ARB,L1,1,92240369,Mid_Day,10,0.68,0.25,-3.017,0.613333333,0.632352941,35.16104886,-111.735723,230.8,29.8,2025,,,,
Pinus Ponderosa,PIPO,ARB-P1-T6,ARB,L2,1,92240369,Mid_Day,10,0.42,0.31,-1.32,0.686666667,0.261904762,35.16104886,-111.735723,230.8,29.8,2025,,,,
Pinus Ponderosa,PIPO,ARB-P1-T1,ARB,L1,1,92240363,Mid_Day,10,NA,NA,1.532,NA,NA,35.16143436,-111.7359265,165.5,14.8,2025,,,,
Pinus Ponderosa,PIPO,ARB-P1-T1,ARB,L2,1,92240363,Mid_Day,10,NA,NA,2.73,NA,NA,35.16143436,-111.7359265,165.5,14.8,2025,,,,
Pinus Ponderosa,PIPO,ARB-P1-T2,ARB,L1,1,92240320,Mid_Day,10,NA,NA,2.063,NA,NA,35.16149082,-111.7360908,98.5,16.5,2025,,,,
Pinus Ponderosa,PIPO,ARB-P1-T2,ARB,L2,1,92240320,Mid_Day,10,NA,NA,2.062,NA,NA,35.16149082,-111.7360908,98.5,16.5,2025,,,,
Pinus Ponderosa,PIPO,ARB-P1-T3,ARB,L1,1,92240364,Mid_Day,10,NA,NA,2.053,NA,NA,35.16158107,-111.7360394,244.5,25,2025,,,,
Pinus Ponderosa,PIPO,ARB-P1-T3,ARB,L2,1,92240364,Mid_Day,10,NA,NA,2.174,NA,NA,35.16158107,-111.7360394,244.5,25,2025,,,,
Pinus Ponderosa,PIPO,ARB-P1-T4,ARB,L1,1,92240365,Mid_Day,10,NA,NA,1.51,NA,NA,35.16087018,-111.7352623,153.7,22.7,2025,,,,
Pinus Ponderosa,PIPO,ARB-P1-T4,ARB,L2,1,92240365,Mid_Day,10,NA,NA,2.424,NA,NA,35.16087018,-111.7352623,153.7,22.7,2025,,,,
Pinus Ponderosa,PIPO,ARB-P1-T5,ARB,L1,1,92240362,Mid_Day,10,NA,NA,2.435,NA,NA,35.16102159,-111.7354798,105,17.6,2025,,,,
Pinus Ponderosa,PIPO,ARB-P1-T5,ARB,L2,1,92240362,Mid_Day,10,NA,NA,2.109,NA,NA,35.16102159,-111.7354798,105,17.6,2025,,,,
Pinus Ponderosa,PIPO,ARB-P1-T6,ARB,L1,1,92240369,Mid_Day,10,NA,NA,2.064,NA,NA,35.16104886,-111.735723,230.8,29.8,2025,,,,
Pinus Ponderosa,PIPO,ARB-P1-T6,ARB,L2,1,92240369,Mid_Day,10,NA,NA,1.953,NA,NA,35.16104886,-111.735723,230.8,29.8,2025,,,,
Juniper Monosperm,JUMO,BR-P1-T1,BR,L1,1,92240332,Pre_Dawn,9,1.34,0.69,3.621,1.2,0.485074627,34.91106,-111.928,128.2,9.5,2025,,,,
Juniper Monosperm,JUMO,BR-P1-T1,BR,L2,1,92240332,Pre_Dawn,9,1.91,1.06,3.961,1,0.445026178,34.91106,-111.928,128.2,9.5,2025,,,,
Juniper Monosperm,JUMO,BR-P1-T2,BR,L1,1,92240313,Pre_Dawn,10,3.26,1.79,3.182,1.233333333,0.450920245,34.91098,-111.928,102.8,4.9,2025,,,,
Juniper Monosperm,JUMO,BR-P1-T2,BR,L2,1,92240313,Pre_Dawn,10,1.08,0.61,3.145,1.066666667,0.435185185,34.91098,-111.928,102.8,4.9,2025,,,,
Juniper Monosperm,JUMO,BR-P1-T3,BR,L1,1,92240372,Pre_Dawn,10,2.96,1.54,3.841,1.333333333,0.47972973,34.91226,-111.931,112.5,8.6,2025,,,,
Juniper Monosperm,JUMO,BR-P1-T3,BR,L2,1,92240372,Pre_Dawn,10,0.75,0.37,3.761,1.033333333,0.506666667,34.91226,-111.931,112.5,8.6,2025,,,,
Pinus edulis,PIED,BR-P1-T4,BR,L1,1,92240375,Pre_Dawn,10,3.76,1.82,1.568,1,0.515957447,34.91232,-111.931,99.1,10,2025,,,,
Pinus edulis,PIED,BR-P1-T4,BR,L2,1,92240375,Pre_Dawn,10,1.87,0.92,1.516,1.033333333,0.50802139,34.91232,-111.931,99.1,10,2025,,,,
Juniper Monosperm,JUMO,BR-P1-T5,BR,L1,1,92240373,Pre_Dawn,10,0.95,0.56,3.842,1.366666667,0.410526316,34.91234,-111.931,139.3,7.4,2025,,,,
Juniper Monosperm,JUMO,BR-P1-T5,BR,L2,1,92240373,Pre_Dawn,10,1.04,0.48,NA,1.2,0.538461538,34.91234,-111.931,139.3,7.4,2025,,,,
Juniper Monosperm,JUMO,BR-P1-T6,BR,L1,1,92240374,Pre_Dawn,10,1.67,0.94,3.148,1.233333333,0.437125749,34.91231,-111.931,33.2,4.7,2025,,,,
Juniper Monosperm,JUMO,BR-P1-T6,BR,L2,1,92240374,Pre_Dawn,10,1.18,0.63,3.291,0.966666667,0.466101695,34.91231,-111.931,33.2,4.7,2025,,,,
Juniper Monosperm,JUMO,BR-P1-T1,BR,L1,1,92240332,Mid_Day,9,1.08,2.15,4.925,0.933333333,-0.990740741,34.91106,-111.928,128.2,9.5,2025,,,,
Juniper Monosperm,JUMO,BR-P1-T1,BR,L2,1,92240332,Mid_Day,9,2.25,3.01,4.709,1.1,-0.337777778,34.91106,-111.928,128.2,9.5,2025,,,,
Juniper Monosperm,JUMO,BR-P1-T2,BR,L1,1,92240313,Mid_Day,10,1.56,2.22,3.743,1.066666667,-0.423076923,34.91098,-111.928,102.8,4.9,2025,,,,
Juniper Monosperm,JUMO,BR-P1-T2,BR,L2,1,92240313,Mid_Day,10,2.15,2.68,3.708,0.933333333,-0.246511628,34.91098,-111.928,102.8,4.9,2025,,,,
Juniper Monosperm,JUMO,BR-P1-T3,BR,L1,1,92240372,Mid_Day,10,0.82,1.99,NA,1,-1.426829268,34.91226,-111.931,112.5,8.6,2025,,,,
Juniper Monosperm,JUMO,BR-P1-T3,BR,L2,1,92240372,Mid_Day,10,2.51,2.85,4.262,1.3,-0.135458167,34.91226,-111.931,112.5,8.6,2025,,,,
Pinus edulis,PIED,BR-P1-T4,BR,L1,1,92240375,Mid_Day,10,2.29,2.55,1.902,0.8,-0.113537118,34.91232,-111.931,99.1,10,2025,,,,
Pinus edulis,PIED,BR-P1-T4,BR,L2,1,92240375,Mid_Day,10,2.31,1.55,1.99,1,0.329004329,34.91232,-111.931,99.1,10,2025,,,,
Juniper Monosperm,JUMO,BR-P1-T5,BR,L1,1,92240373,Mid_Day,10,2.75,1.51,NA,1.533333333,0.450909091,34.91234,-111.931,139.3,7.4,2025,,,,
Juniper Monosperm,JUMO,BR-P1-T5,BR,L2,1,92240373,Mid_Day,10,2.41,1.35,NA,1.266666667,0.439834025,34.91234,-111.931,139.3,7.4,2025,,,,
Juniper Monosperm,JUMO,BR-P1-T6,BR,L1,1,92240374,Mid_Day,10,2.27,1.32,NA,1.3,0.418502203,34.91231,-111.931,33.2,4.7,2025,,,,
Juniper Monosperm,JUMO,BR-P1-T6,BR,L2,1,92240374,Mid_Day,10,NA,NA,NA,NA,NA,34.91231,-111.931,33.2,4.7,2025,,,,
Pinus Ponderosa,PIPO,FR-P1-T1,FR,L1,1,92240329,Pre_Dawn,0,NA,NA,NA,NA,NA,35.34304,-111.75,177.6,18.8,2025,,,,
Pinus Ponderosa,PIPO,FR-P1-T1,FR,L2,1,92240329,Pre_Dawn,0,NA,NA,NA,NA,NA,35.34304,-111.75,177.6,18.8,2025,,,,
Pinus Ponderosa,PIPO,FR-P1-T2,FR,L1,1,92240330,Pre_Dawn,10,0.6,0.31,1.357,0.733333333,0.483333333,35.34282,-111.75,185.4,23.4,2025,,,,
Pinus Ponderosa,PIPO,FR-P1-T2,FR,L2,1,92240330,Pre_Dawn,10,0.47,0.22,1.953,0.7,0.531914894,35.34282,-111.75,185.4,23.4,2025,,,,
Pinus Ponderosa,PIPO,FR-P4-T1,FR,L1,1,92240325,Pre_Dawn,10,0.48,0.25,1.943,0.833333333,0.479166667,35.35963,-111.749,196.3,19.5,2025,,,,
Pinus Ponderosa,PIPO,FR-P4-T1,FR,L2,1,92240325,Pre_Dawn,10,0.45,0.19,1.46,0.733333333,0.577777778,35.35963,-111.749,196.3,19.5,2025,,,,
Pinus Ponderosa,PIPO,FR-P4-T2,FR,L1,1,92246690,Pre_Dawn,10,0.43,0.22,2.16,0.766666667,0.488372093,35.35978,-111.749,199.8,21,2025,,,,
Pinus Ponderosa,PIPO,FR-P4-T2,FR,L2,1,92246690,Pre_Dawn,10,0.46,0.22,1.623,0.666666667,0.52173913,35.35978,-111.749,199.8,21,2025,,,,
Aspen,POTR,FR-P5-T1,FR,L1,1,92246688,Pre_Dawn,0,NA,NA,NA,NA,NA,35.36572,-111.743,150.1,23.7,2025,,,,
Aspen,POTR,FR-P5-T1,FR,L2,1,92246688,Pre_Dawn,0,NA,NA,NA,NA,NA,35.36572,-111.743,150.1,23.7,2025,,,,
Aspen,POTR,FR-P5-T2,FR,L1,1,92246689,Pre_Dawn,10,NA,NA,NA,NA,NA,35.36566,-111.743,138.5,27.7,2025,,,,
Aspen,POTR,FR-P5-T2,FR,L2,1,92246689,Pre_Dawn,10,NA,NA,NA,NA,NA,35.36566,-111.743,138.5,27.7,2025,,,,
Pinus Ponderosa,PIPO,FR-P1-T1,FR,L1,1,92240329,Mid_Day,0,NA,NA,NA,NA,NA,35.34304,-111.75,177.6,18.8,2025,,,,
Pinus Ponderosa,PIPO,FR-P1-T1,FR,L2,1,92240329,Mid_Day,0,NA,NA,NA,NA,NA,35.34304,-111.75,177.6,18.8,2025,,,,
Pinus Ponderosa,PIPO,FR-P1-T2,FR,L1,1,92240330,Mid_Day,10,0.56,0.19,NA,0.733333333,0.660714286,35.34282,-111.75,185.4,23.4,2025,,,,
Pinus Ponderosa,PIPO,FR-P1-T2,FR,L2,1,92240330,Mid_Day,10,0.84,0.4,NA,1.033333333,0.523809524,35.34282,-111.75,185.4,23.4,2025,,,,
Pinus Ponderosa,PIPO,FR-P4-T1,FR,L1,1,92240325,Mid_Day,10,0.39,0.19,NA,0.833333333,0.512820513,35.35963,-111.749,196.3,19.5,2025,,,,
Pinus Ponderosa,PIPO,FR-P4-T1,FR,L2,1,92240325,Mid_Day,10,0.31,0.19,3.057,0.666666667,0.387096774,35.35963,-111.749,196.3,19.5,2025,,,,
Pinus Ponderosa,PIPO,FR-P4-T2,FR,L1,1,92246690,Mid_Day,10,0.34,0.2,3.612,0.633333333,0.411764706,35.35978,-111.749,199.8,21,2025,,,,
Pinus Ponderosa,PIPO,FR-P4-T2,FR,L2,1,92246690,Mid_Day,10,0.4,0.21,2.407,0.766666667,0.475,35.35978,-111.749,199.8,21,2025,,,,
Aspen,POTR,FR-P5-T1,FR,L1,1,92246688,Mid_Day,0,NA,NA,NA,NA,NA,35.36572,-111.743,150.1,23.7,2025,,,,
Aspen,POTR,FR-P5-T1,FR,L2,1,92246688,Mid_Day,0,NA,NA,NA,NA,NA,35.36572,-111.743,150.1,23.7,2025,,,,
Aspen,POTR,FR-P5-T2,FR,L1,1,92246689,Mid_Day,10,NA,NA,NA,NA,NA,35.36566,-111.743,138.5,27.7,2025,,,,
Aspen,POTR,FR-P5-T2,FR,L2,1,92246689,Mid_Day,10,NA,NA,NA,NA,NA,35.36566,-111.743,138.5,27.7,2025,,,,
Pinyon Pine,PIED,JD-P7-T1,JD,L1,1,92240360,Pre_Dawn,8,3.61,1.96,3.45,0.7,0.457063712,35.46413,-111.551,68,3.4,2025,,,,
Pinyon Pine,PIED,JD-P7-T1,JD,L2,1,92240360,Pre_Dawn,8,2.73,1.43,1.916,0.666666667,0.476190476,35.46413,-111.551,68,3.4,2025,,,,
Juniper Monosperm,JUMO,JD-P25-T1,JD,L1,1,92240333,Pre_Dawn,4,6.89,3.72,2.251,1.033333333,0.460087083,35.53113,-111.534,157,2.5,2025,,,,
Juniper Monosperm,JUMO,JD-P25-T1,JD,L2,1,92240333,Pre_Dawn,4,7.27,3.33,2.26,1,0.541953232,35.53113,-111.534,157,2.5,2025,,,,
Juniper Monosperm,JUMO,JD-P25-T1,JD,L2,2,92240333,Pre_Dawn,4,2.9,1.01,2.38,1.266666667,0.651724138,35.53113,-111.534,157,2.5,2025,,,,
Juniper Monosperm,JUMO,JD-P25-T2,JD,L1,1,92240358,Pre_Dawn,9,3.19,1.8,2.903,1.5,0.435736677,35.53105,-111.533,204,3.2,2025,,,,
Juniper Monosperm,JUMO,JD-P25-T2,JD,L2,1,92240358,Pre_Dawn,9,3.84,2.16,2.789,1.2,0.4375,35.53105,-111.533,204,3.2,2025,,,,
Juniper Monosperm,JUMO,JD-P25-T3,JD,L1,1,92240370,Pre_Dawn,7,4.37,2.63,2.698,1.233333333,0.398169336,35.53123,-111.533,135,3,2025,,,,
Juniper Monosperm,JUMO,JD-P25-T3,JD,L2,1,92240370,Pre_Dawn,7,8.52,4.9,3.038,1.566666667,0.424882629,35.53123,-111.533,135,3,2025,,,,
Juniper Monosperm,JUMO,JD-P7-T2,JD,L1,1,92240361,Pre_Dawn,8,4.51,2.65,3.192,1.533333333,0.412416851,35.46412,-111.551,292,2.4,2025,,,,
Juniper Monosperm,JUMO,JD-P7-T2,JD,L2,1,92240361,Pre_Dawn,8,4.73,2.86,3.291,1.5,0.395348837,35.46412,-111.551,292,2.4,2025,,,,
Pinyon Pine,PIED,JD-P7-T1,JD,L1,1,92240360,Mid_Day,8,2.49,1.32,2.435,0.4,0.469879518,35.46413,-111.551,68,3.4,2025,,,,
Pinyon Pine,PIED,JD-P7-T1,JD,L2,1,92240360,Mid_Day,8,1.47,0.85,2.721,0.633333333,0.421768707,35.46413,-111.551,68,3.4,2025,,,,
Juniper Monosperm,JUMO,JD-P25-T1,JD,L1,1,92240333,Mid_Day,4,5.52,3.01,3.302,1.266666667,0.454710145,35.53113,-111.534,157,2.5,2025,,,,
Juniper Monosperm,JUMO,JD-P25-T1,JD,L2,1,92240333,Mid_Day,4,4.53,2.31,3.36,1.333333333,0.490066225,35.53113,-111.534,157,2.5,2025,,,,
Juniper Monosperm,JUMO,JD-P25-T2,JD,L1,1,92240358,Mid_Day,9,4.1,2.29,3.587,1.533333333,0.441463415,35.53105,-111.533,204,3.2,2025,,,,
Juniper Monosperm,JUMO,JD-P25-T2,JD,L2,1,92240358,Mid_Day,9,2.4,1.25,3.606,1.466666667,0.479166667,35.53105,-111.533,204,3.2,2025,,,,
Juniper Monosperm,JUMO,JD-P25-T3,JD,L1,1,92240370,Mid_Day,7,8.9,5.15,3.291,1.266666667,0.421348315,35.53123,-111.533,135,3,2025,,,,
Juniper Monosperm,JUMO,JD-P25-T3,JD,L2,1,92240370,Mid_Day,7,3.33,2.01,3.321,1.266666667,0.396396396,35.53123,-111.533,135,3,2025,,,,
Juniper Monosperm,JUMO,JD-P7-T2,JD,L1,1,92240361,Mid_Day,8,7.82,4.61,3.125,1.5,0.410485934,35.46412,-111.551,292,2.4,2025,,,,
Juniper Monosperm,JUMO,JD-P7-T2,JD,L2,1,92240361,Mid_Day,8,6.12,3.62,NA,1.633333333,0.408496732,35.46412,-111.551,292,2.4,2025,,,,
Pinyon Pine,PIED,JD-P7-T1,JD,L1,1,92240360,Mid_Day,8,NA,NA,2.538,NA,NA,35.46413,-111.551,68,3.4,2025,,,,
Pinyon Pine,PIED,JD-P7-T1,JD,L2,1,92240360,Mid_Day,8,NA,NA,2.054,NA,NA,35.46413,-111.551,68,3.4,2025,,,,
Juniper Monosperm,JUMO,JD-P25-T1,JD,L1,1,92240333,Mid_Day,4,NA,NA,4.512,NA,NA,35.53113,-111.534,157,2.5,2025,,,,
Juniper Monosperm,JUMO,JD-P25-T1,JD,L2,1,92240333,Mid_Day,4,NA,NA,4.587,NA,NA,35.53113,-111.534,157,2.5,2025,,,,
Juniper Monosperm,JUMO,JD-P25-T2,JD,L1,1,92240358,Mid_Day,9,NA,NA,5.203,NA,NA,35.53105,-111.533,204,3.2,2025,,,,
Juniper Monosperm,JUMO,JD-P25-T2,JD,L2,1,92240358,Mid_Day,9,NA,NA,5.315,NA,NA,35.53105,-111.533,204,3.2,2025,,,,
Juniper Monosperm,JUMO,JD-P25-T3,JD,L1,1,92240370,Mid_Day,7,NA,NA,4.724,NA,NA,35.53123,-111.533,135,3,2025,,,,
Juniper Monosperm,JUMO,JD-P25-T3,JD,L2,1,92240370,Mid_Day,7,NA,NA,4.619,NA,NA,35.53123,-111.533,135,3,2025,,,,
Juniper Monosperm,JUMO,JD-P7-T2,JD,L1,1,92240361,Mid_Day,8,NA,NA,4.953,NA,NA,35.46412,-111.551,292,2.4,2025,,,,
Juniper Monosperm,JUMO,JD-P7-T2,JD,L2,1,92240361,Mid_Day,8,NA,NA,4.866,NA,NA,35.46412,-111.551,292,2.4,2025,,,,
Ponderosa pine,PIPO,KM-P1-T1,KM,L1,1,92248326,Pre_Dawn,1,0.47,0.23,1.746,0.733333333,0.510638298,35.108,-113.9,123.3,16.7,2025,,,,
Ponderosa pine,PIPO,KM-P1-T1,KM,L2,1,92248326,Pre_Dawn,1,0.29,0.16,1.779,0.633333333,0.448275862,35.108,-113.9,123.3,16.7,2025,,,,
Ponderosa pine,PIPO,KM-P1-T2,KM,L1,1,92248328,Pre_Dawn,3,0.43,0.17,2.058,0.633333333,0.604651163,35.10798,-113.9,126.6,18.5,2025,,,,
Ponderosa pine,PIPO,KM-P1-T2,KM,L2,1,92248328,Pre_Dawn,3,0.21,0.16,1.645,0.7,0.238095238,35.10798,-113.9,126.6,18.5,2025,,,,
Ponderosa pine,PIPO,KM-P1-T3,KM,L1,1,92248330,Pre_Dawn,10,0.22,0.15,1.841,0.766666667,0.318181818,35.10782,-113.899,199.8,23.9,2025,,,,
Ponderosa pine,PIPO,KM-P1-T3,KM,L2,1,92248330,Pre_Dawn,10,0.46,0.24,2.13,0.7,0.47826087,35.10782,-113.899,199.8,23.9,2025,,,,
Ponderosa pine,PIPO,KM-P1-T4,KM,L1,1,92248327,Pre_Dawn,10,0.27,0.12,3.361,0.766666667,0.555555556,35.1078,-113.899,205,18.3,2025,,,,
Ponderosa pine,PIPO,KM-P1-T4,KM,L2,1,92248327,Pre_Dawn,10,0.31,0.17,2.356,0.6,0.451612903,35.1078,-113.899,205,18.3,2025,,,,
Ponderosa pine,PIPO,KM-P1-T1,KM,L1,2,92248326,Pre_Dawn,1,0.36,0.14,1.795,0.7,0.611111111,35.108,-113.9,123.3,16.7,2025,,,,
Ponderosa pine,PIPO,KM-P1-T1,KM,L2,2,92248326,Pre_Dawn,1,0.27,0.15,2.625,0.8,0.444444444,35.108,-113.9,123.3,16.7,2025,,,,
Ponderosa pine,PIPO,KM-P1-T2,KM,L1,2,92248328,Pre_Dawn,3,0.39,0.19,2.058,0.733333333,0.512820513,35.10798,-113.9,126.6,18.5,2025,,,,
Ponderosa pine,PIPO,KM-P1-T2,KM,L2,2,92248328,Pre_Dawn,3,0.4,0.19,1.884,0.566666667,0.525,35.10798,-113.9,126.6,18.5,2025,,,,
Ponderosa pine,PIPO,KM-P1-T3,KM,L1,2,92248330,Pre_Dawn,10,0.28,0.13,2.345,0.733333333,0.535714286,35.10782,-113.899,199.8,23.9,2025,,,,
Ponderosa pine,PIPO,KM-P1-T3,KM,L2,2,92248330,Pre_Dawn,10,0.35,0.16,2.225,0.766666667,0.542857143,35.10782,-113.899,199.8,23.9,2025,,,,
Ponderosa pine,PIPO,KM-P1-T4,KM,L1,2,92248327,Pre_Dawn,10,0.33,0.21,3.589,0.566666667,0.363636364,35.1078,-113.899,205,18.3,2025,,,,
Ponderosa pine,PIPO,KM-P1-T4,KM,L2,2,92248327,Pre_Dawn,10,0.33,0.15,2.357,0.7,0.545454545,35.1078,-113.899,205,18.3,2025,,,,
Ponderosa pine,PIPO,KM-P1-T1,KM,L1,1,92248326,Mid_Day,1,0.36,0.19,2.25,0.733333333,0.472222222,35.108,-113.9,123.3,16.7,2025,,,,
Ponderosa pine,PIPO,KM-P1-T1,KM,L2,1,92248326,Mid_Day,1,0.32,0.14,2.294,0.666666667,0.5625,35.108,-113.9,123.3,16.7,2025,,,,
Ponderosa pine,PIPO,KM-P1-T2,KM,L1,1,92248328,Mid_Day,3,0.34,0.18,1.887,0.633333333,0.470588235,35.10798,-113.9,126.6,18.5,2025,,,,
Ponderosa pine,PIPO,KM-P1-T2,KM,L2,1,92248328,Mid_Day,3,0.43,0.24,1.957,0.766666667,0.441860465,35.10798,-113.9,126.6,18.5,2025,,,,
Ponderosa pine,PIPO,KM-P1-T3,KM,L1,1,92248330,Mid_Day,10,0.52,0.31,2.267,0.633333333,0.403846154,35.10782,-113.899,199.8,23.9,2025,,,,
Ponderosa pine,PIPO,KM-P1-T3,KM,L2,1,92248330,Mid_Day,10,0.41,0.23,2.218,0.666666667,0.43902439,35.10782,-113.899,199.8,23.9,2025,,,,
Ponderosa pine,PIPO,KM-P1-T4,KM,L1,1,92248327,Mid_Day,10,0.37,0.23,2.431,0.9,0.378378378,35.1078,-113.899,205,18.3,2025,,,,
Ponderosa pine,PIPO,KM-P1-T4,KM,L2,1,92248327,Mid_Day,10,0.57,0.28,NA,0.7,0.50877193,35.1078,-113.899,205,18.3,2025,,,,
Utah juniper,JUOS,KM-P2-T1,KM,L1,1,92248320,Pre_Dawn,2,3.32,1.96,4.096,1.1,0.409638554,35.21651,-113.274,101,4,2025,,,,
Utah juniper,JUOS,KM-P2-T1,KM,L2,1,92248320,Pre_Dawn,2,1.47,0.82,NA,1.666666667,0.442176871,35.21651,-113.274,101,4,2025,,,,
Utah juniper,JUOS,KM-P2-T2,KM,L1,1,92248329,Pre_Dawn,9,2.59,1.4,3.01,1.433333333,0.459459459,35.21656,-113.274,118,5.7,2025,,,,
Utah juniper,JUOS,KM-P2-T2,KM,L2,1,92248329,Pre_Dawn,9,3.28,1.86,3.054,1.4,0.432926829,35.21656,-113.274,118,5.7,2025,,,,
Utah juniper,JUOS,KM-P2-T3,KM,L1,1,92248319,Pre_Dawn,6,2.19,1.25,5.381,1.366666667,0.429223744,35.21674,-113.274,71,3.4,2025,,,,
Utah juniper,JUOS,KM-P2-T3,KM,L2,1,92248319,Pre_Dawn,6,0.72,0.48,5.803,1.266666667,0.333333333,35.21674,-113.274,71,3.4,2025,,,,
Utah juniper,JUOS,KM-P2-T4,KM,L1,1,92248318,Pre_Dawn,1,0.93,0.52,2.95,1.866666667,0.440860215,35.2167,-113.274,75,4.7,2025,,,,
Utah juniper,JUOS,KM-P2-T4,KM,L2,1,92248318,Pre_Dawn,1,0.21,0.1,3.859,1.266666667,0.523809524,35.2167,-113.274,75,4.7,2025,,,,
Utah juniper,JUOS,KM-P2-T5,KM,L1,1,92248317,Pre_Dawn,9,0.32,0.17,3.521,1.633333333,0.46875,35.21673,-113.274,107.3,4.1,2025,,,,
Utah juniper,JUOS,KM-P2-T5,KM,L2,1,92248317,Pre_Dawn,9,0.56,0.34,3.765,1.333333333,0.392857143,35.21673,-113.274,107.3,4.1,2025,,,,
Utah juniper,JUOS,KM-P2-T6,KM,L1,1,92248316,Pre_Dawn,2,0.43,0.25,2.892,1.433333333,0.418604651,35.21646,-113.274,150,5.1,2025,,,,
Utah juniper,JUOS,KM-P2-T6,KM,L2,1,92248316,Pre_Dawn,2,0.19,0.11,2.583,1.4,0.421052632,35.21646,-113.274,150,5.1,2025,,,,
Ponderosa pine,PIPO,KM-P1-T1,KM,L1,1,92248326,Mid_Day,NA,NA,NA,2.181,NA,NA,35.108,-113.9,123.3,16.7,2025,,,,
Ponderosa pine,PIPO,KM-P1-T1,KM,L2,1,92248326,Mid_Day,NA,NA,NA,3.085,NA,NA,35.108,-113.9,123.3,16.7,2025,,,,
Ponderosa pine,PIPO,KM-P1-T2,KM,L1,1,92248328,Mid_Day,1,NA,NA,NA,NA,NA,35.10798,-113.9,126.6,18.5,2025,,,,
Ponderosa pine,PIPO,KM-P1-T2,KM,L2,1,92248328,Mid_Day,1,NA,NA,NA,NA,NA,35.10798,-113.9,126.6,18.5,2025,,,,
Ponderosa pine,PIPO,KM-P1-T3,KM,L1,1,92248330,Mid_Day,10,NA,NA,2.564,NA,NA,35.10782,-113.899,199.8,23.9,2025,,,,
Ponderosa pine,PIPO,KM-P1-T3,KM,L2,1,92248330,Mid_Day,10,NA,NA,2.789,NA,NA,35.10782,-113.899,199.8,23.9,2025,,,,
Ponderosa pine,PIPO,KM-P1-T4,KM,L1,1,92248327,Mid_Day,10,NA,NA,2.684,NA,NA,35.1078,-113.899,205,18.3,2025,,,,
Ponderosa pine,PIPO,KM-P1-T4,KM,L2,1,92248327,Mid_Day,10,NA,NA,2.897,NA,NA,35.1078,-113.899,205,18.3,2025,,,,
Utah juniper,JUOS,KM-P2-T1,KM,L1,1,92248320,Mid_Day,3,1.26,0.86,5.942,1.3,0.317460317,35.21651,-113.274,101,4,2025,,,,
Utah juniper,JUOS,KM-P2-T1,KM,L2,1,92248320,Mid_Day,3,0.49,0.39,NA,1.333333333,0.204081633,35.21651,-113.274,101,4,2025,,,,
Utah juniper,JUOS,KM-P2-T2,KM,L1,1,92248329,Mid_Day,9,2.39,1.28,4.4721,1.433333333,0.464435146,35.21656,-113.274,118,5.7,2025,,,,
Utah juniper,JUOS,KM-P2-T2,KM,L2,1,92248329,Mid_Day,9,1.65,0.94,NA,1.266666667,0.43030303,35.21656,-113.274,118,5.7,2025,,,,
Utah juniper,JUOS,KM-P2-T3,KM,L1,1,92248319,Mid_Day,4,0.73,0.47,NA,1.233333333,0.356164384,35.21674,-113.274,71,3.4,2025,,,,
Utah juniper,JUOS,KM-P2-T3,KM,L2,1,92248319,Mid_Day,4,1.67,1.04,NA,1.533333333,0.377245509,35.21674,-113.274,71,3.4,2025,,,,
Utah juniper,JUOS,KM-P2-T4,KM,L1,1,92248318,Mid_Day,1,0.89,0.49,5.596,1.266666667,0.449438202,35.2167,-113.274,75,4.7,2025,,,,
Utah juniper,JUOS,KM-P2-T4,KM,L2,1,92248318,Mid_Day,1,0.78,0.41,NA,1.533333333,0.474358974,35.2167,-113.274,75,4.7,2025,,,,
Utah juniper,JUOS,KM-P2-T5,KM,L1,1,92248317,Mid_Day,10,0.87,0.41,4.948,1.333333333,0.528735632,35.21673,-113.274,107.3,4.1,2025,,,,
Utah juniper,JUOS,KM-P2-T5,KM,L2,1,92248317,Mid_Day,10,0.92,0.55,NA,1.5,0.402173913,35.21673,-113.274,107.3,4.1,2025,,,,
Utah juniper,JUOS,KM-P2-T6,KM,L1,1,92248316,Mid_Day,5,0.39,0.36,5.207,1.166666667,0.076923077,35.21646,-113.274,150,5.1,2025,,,,
Utah juniper,JUOS,KM-P2-T6,KM,L2,1,92248316,Mid_Day,5,1.08,0.71,NA,1.233333333,0.342592593,35.21646,-113.274,150,5.1,2025,,,,
Pinus Ponderosa,PIPO,LM-P1-T1,LM,L1,1,92246662,Pre_Dawn,10,0.791,0.1428,1.633,NA,0.819469027,35.03619679,-111.4526121,156,19.2,2025,,,,
Pinus Ponderosa,PIPO,LM-P1-T1,LM,L1,2,92246662,Pre_Dawn,10,0.44,0.1647,1.823,NA,0.625681818,35.03619679,-111.4526121,156,19.2,2025,,,,
Pinus Ponderosa,PIPO,LM-P1-T1,LM,L1,3,92246662,Pre_Dawn,10,0.24,0.1073,1.734,NA,0.552916667,35.03619679,-111.4526121,156,19.2,2025,,,,
Pinus Ponderosa,PIPO,LM-P1-T1,LM,L2,1,92246662,Pre_Dawn,10,0.28,0.1594,1.729,NA,0.430714286,35.03619679,-111.4526121,156,19.2,2025,,,,
Pinus Ponderosa,PIPO,LM-P1-T1,LM,L2,2,92246662,Pre_Dawn,10,0.39,0.1359,2.135,NA,0.651538462,35.03619679,-111.4526121,156,19.2,2025,,,,
Pinus Ponderosa,PIPO,LM-P1-T1,LM,L2,3,92246662,Pre_Dawn,10,0.56,0.17,2.918,NA,0.696428571,35.03619679,-111.4526121,156,19.2,2025,,,,
Pinus Ponderosa,PIPO,LM-P1-T2,LM,L1,1,92246681,Pre_Dawn,0,NA,NA,NA,NA,NA,35.03592333,-111.4526121,107,16.6,2025,,,,
Pinus Ponderosa,PIPO,LM-P1-T2,LM,L2,1,92246681,Pre_Dawn,0,NA,NA,NA,NA,NA,35.03592333,-111.4526121,107,16.6,2025,,,,
Pinus Ponderosa,PIPO,LM-P1-T1,LM,L1,1,92246662,Mid_Day,10,0.25,0.1369,3.46,NA,0.4524,35.03619679,-111.4526121,156,19.2,2025,,,,
Pinus Ponderosa,PIPO,LM-P1-T1,LM,L1,2,92246662,Mid_Day,10,NA,NA,NA,NA,NA,35.03619679,-111.4526121,156,19.2,2025,,,,
Pinus Ponderosa,PIPO,LM-P1-T1,LM,L1,3,92246662,Mid_Day,10,NA,NA,NA,NA,NA,35.03619679,-111.4526121,156,19.2,2025,,,,
Pinus Ponderosa,PIPO,LM-P1-T1,LM,L2,1,92246662,Mid_Day,10,0.22,0.1142,2.563,NA,0.480909091,35.03619679,-111.4526121,156,19.2,2025,,,,
Pinus Ponderosa,PIPO,LM-P1-T1,LM,L2,2,92246662,Mid_Day,10,NA,NA,NA,NA,NA,35.03619679,-111.4526121,156,19.2,2025,,,,
Pinus Ponderosa,PIPO,LM-P1-T1,LM,L2,3,92246662,Mid_Day,10,NA,NA,NA,NA,NA,35.03619679,-111.4526121,156,19.2,2025,,,,
Pinus Ponderosa,PIPO,LM-P1-T2,LM,L1,1,92246681,Mid_Day,0,NA,NA,NA,NA,NA,35.03592333,-111.4526121,107,16.6,2025,,,,
Pinus Ponderosa,PIPO,LM-P1-T2,LM,L2,1,92246681,Mid_Day,0,NA,NA,NA,NA,NA,35.03592333,-111.4526121,107,16.6,2025,,,,
Pinus Ponderosa,PIPO,LM-P1-T1,LM,L1,1,92246662,Mid_Day,10,NA,NA,1.901,NA,NA,35.03619679,-111.4526121,156,19.2,2025,,,,
Pinus Ponderosa,PIPO,LM-P1-T1,LM,L2,1,92246662,Mid_Day,10,NA,NA,1.771,NA,NA,35.03619679,-111.4526121,156,19.2,2025,,,,
Pinus Ponderosa,PIPO,LM-P1-T2,LM,L1,1,92246681,Mid_Day,0,NA,NA,NA,NA,NA,35.03592333,-111.4526121,107,16.6,2025,,,,
Pinus Ponderosa,PIPO,LM-P1-T2,LM,L2,1,92246681,Mid_Day,0,NA,NA,NA,NA,NA,35.03592333,-111.4526121,107,16.6,2025,,,,
Pinus Ponderosa,PIPO,LM-P2-T1,LM,L1,1,92246663,Pre_Dawn,10,NA,0.116,1.75,0.553666667,NA,35.11440983,-111.5414666,168.5,19,2025,,,,
Pinus Ponderosa,PIPO,LM-P2-T1,LM,L2,1,92246663,Pre_Dawn,10,NA,0.1667,1.597,0.522666667,NA,35.11440983,-111.5414666,168.5,19,2025,,,,
Pinus Ponderosa,PIPO,LM-P2-T2,LM,L1,1,92246660,Pre_Dawn,0,NA,NA,NA,NA,NA,35.11445337,-111.5414233,152.4,19.3,2025,,,,
Pinus Ponderosa,PIPO,LM-P2-T2,LM,L2,1,92246660,Pre_Dawn,0,NA,NA,NA,NA,NA,35.11445337,-111.5414233,152.4,19.3,2025,,,,
Gambel oak,QUGA,LM-P2-T3,LM,L1,1,92246658,Pre_Dawn,9,NA,0.6331,1.065,0.172333333,NA,35.11571577,-111.5421238,136.5,6.4,2025,,,,
Gambel oak,QUGA,LM-P2-T3,LM,L2,1,92246658,Pre_Dawn,9,NA,0.9575,1.497,0.18,NA,35.11571577,-111.5421238,136.5,6.4,2025,,,,
Juniper Osteosperm,JUOS,LM-P2-T4,LM,L1,1,92246659,Pre_Dawn,10,NA,0.7299,1.083,1.846666667,NA,35.11595035,-111.5426297,109,6.3,2025,,,,
Juniper Osteosperm,JUOS,LM-P2-T4,LM,L2,1,92246659,Pre_Dawn,10,NA,0.8207,1.035,1.839666667,NA,35.11595035,-111.5426297,109,6.3,2025,,,,
Gambel oak,QUGA,LM-P2-T5,LM,L1,1,92246657,Pre_Dawn,0,NA,NA,NA,NA,NA,35.11588204,-111.5426604,94,7.8,2025,,,,
Gambel oak,QUGA,LM-P2-T5,LM,L2,1,92246657,Pre_Dawn,0,NA,NA,NA,NA,NA,35.11588204,-111.5426604,94,7.8,2025,,,,
Juniper Osteosperm,JUOS,LM-P2-T6,LM,L1,1,92246656,Pre_Dawn,2,NA,1.6136,1.206,1.771333333,NA,35.11565857,-111.5413598,151,11.8,2025,,,,
Juniper Osteosperm,JUOS,LM-P2-T6,LM,L2,1,92246656,Pre_Dawn,2,NA,NA,1.152,1.674666667,NA,35.11565857,-111.5413598,151,11.8,2025,,,,
Pinus Ponderosa,PIPO,LM-P2-T1,LM,L1,1,92246663,Mid_Day,10,0.5,0.256,1.505,0.813333333,0.488,35.11440983,-111.5414666,168.5,19,2025,,,,
Pinus Ponderosa,PIPO,LM-P2-T1,LM,L2,1,92246663,Mid_Day,10,0.6,0.2673,1.582,0.861666667,0.5545,35.11440983,-111.5414666,168.5,19,2025,,,,
Pinus Ponderosa,PIPO,LM-P2-T2,LM,L1,1,92246660,Mid_Day,0,NA,NA,NA,NA,NA,35.11445337,-111.5414233,152.4,19.3,2025,,,,
Pinus Ponderosa,PIPO,LM-P2-T2,LM,L2,1,92246660,Mid_Day,0,NA,NA,NA,NA,NA,35.11445337,-111.5414233,152.4,19.3,2025,,,,
Gambel oak,QUGA,LM-P2-T3,LM,L1,1,92246658,Mid_Day,9,0.65,0.2971,2.184,0.343,0.542923077,35.11571577,-111.5421238,136.5,6.4,2025,,,,
Gambel oak,QUGA,LM-P2-T3,LM,L2,1,92246658,Mid_Day,9,4.48,1.3821,1.988,0.366333333,0.691495536,35.11571577,-111.5421238,136.5,6.4,2025,,,,
Juniper Osteosperm,JUOS,LM-P2-T4,LM,L1,1,92246659,Mid_Day,10,4.45,NA,2.318,2.237333333,NA,35.11595035,-111.5426297,109,6.3,2025,,,,
Juniper Osteosperm,JUOS,LM-P2-T4,LM,L2,1,92246659,Mid_Day,10,6.23,3.0385,2.315,2.553,0.512279294,35.11595035,-111.5426297,109,6.3,2025,,,,
Gambel oak,QUGA,LM-P2-T5,LM,L1,1,92246657,Mid_Day,0,NA,NA,NA,NA,NA,35.11588204,-111.5426604,94,7.8,2025,,,,
Gambel oak,QUGA,LM-P2-T5,LM,L2,1,92246657,Mid_Day,0,NA,NA,NA,NA,NA,35.11588204,-111.5426604,94,7.8,2025,,,,
Juniper Osteosperm,JUOS,LM-P2-T6,LM,L1,1,92246656,Mid_Day,2,1.01,0.495,2.88,1.471333333,0.50990099,35.11565857,-111.5413598,151,11.8,2025,,,,
Juniper Osteosperm,JUOS,LM-P2-T6,LM,L2,1,92246656,Mid_Day,2,8.22,4.2045,2.75,1.624666667,0.48850365,35.11565857,-111.5413598,151,11.8,2025,,,,
Pinus Ponderosa,PIPO,LM-P2-T1,LM,L1,1,92246663,Mid_Day,10,NA,NA,2.435,NA,NA,35.11440983,-111.5414666,168.5,19,2025,,,,
Pinus Ponderosa,PIPO,LM-P2-T1,LM,L2,1,92246663,Mid_Day,10,NA,NA,2.501,NA,NA,35.11440983,-111.5414666,168.5,19,2025,,,,
Pinus Ponderosa,PIPO,LM-P2-T2,LM,L1,1,92246660,Mid_Day,0,NA,NA,NA,NA,NA,35.11445337,-111.5414233,152.4,19.3,2025,,,,
Pinus Ponderosa,PIPO,LM-P2-T2,LM,L2,1,92246660,Mid_Day,0,NA,NA,NA,NA,NA,35.11445337,-111.5414233,152.4,19.3,2025,,,,
Gambel oak,QUGA,LM-P2-T3,LM,L1,1,92246658,Mid_Day,9,NA,NA,3.171,NA,NA,35.11571577,-111.5421238,136.5,6.4,2025,,,,
Gambel oak,QUGA,LM-P2-T3,LM,L2,1,92246658,Mid_Day,9,NA,NA,3.007,NA,NA,35.11571577,-111.5421238,136.5,6.4,2025,,,,
Juniper Osteosperm,JUOS,LM-P2-T4,LM,L1,1,92246659,Mid_Day,10,NA,NA,3.961,NA,NA,35.11595035,-111.5426297,109,6.3,2025,,,,
Juniper Osteosperm,JUOS,LM-P2-T4,LM,L2,1,92246659,Mid_Day,10,NA,NA,3.905,NA,NA,35.11595035,-111.5426297,109,6.3,2025,,,,
Gambel oak,QUGA,LM-P2-T5,LM,L1,1,92246657,Mid_Day,0,NA,NA,NA,NA,NA,35.11588204,-111.5426604,94,7.8,2025,,,,
Gambel oak,QUGA,LM-P2-T5,LM,L2,1,92246657,Mid_Day,0,NA,NA,NA,NA,NA,35.11588204,-111.5426604,94,7.8,2025,,,,
Juniper Osteosperm,JUOS,LM-P2-T6,LM,L1,1,92246656,Mid_Day,2,NA,NA,2.983,NA,NA,35.11565857,-111.5413598,151,11.8,2025,,,,
Juniper Osteosperm,JUOS,LM-P2-T6,LM,L2,1,92246656,Mid_Day,2,NA,NA,3.125,NA,NA,35.11565857,-111.5413598,151,11.8,2025,,,,
White fir,ABCO,ML-P1-T1,ML,L1,1,92246683,Pre_Dawn,9,NA,NA,NA,NA,NA,34.96004833,-111.4926033,NA,22.5,2025,,,,
White fir,ABCO,ML-P1-T1,ML,L2,1,92246683,Pre_Dawn,9,NA,NA,NA,NA,NA,34.96004833,-111.4926033,NA,22.5,2025,,,,
White fir,ABCO,ML-P1-T2,ML,L1,1,99246685,Pre_Dawn,2,NA,NA,NA,NA,NA,34.95992,-111.49271,139.3,13.8,2025,,,,
White fir,ABCO,ML-P1-T2,ML,L2,1,99246685,Pre_Dawn,2,NA,NA,NA,NA,NA,34.95992,-111.49271,139.3,13.8,2025,,,,
Gambel oak,QUGA,ML-P1-T3,ML,L1,1,92246684,Pre_Dawn,9,NA,NA,NA,NA,NA,34.96024833,-111.49288,140,9.9,2025,,,,
Gambel oak,QUGA,ML-P1-T3,ML,L2,1,92246684,Pre_Dawn,9,NA,NA,NA,NA,NA,34.96024833,-111.49288,140,9.9,2025,,,,
Gambel oak,QUGA,ML-P1-T4,ML,L1,1,92246664,Pre_Dawn,10,NA,NA,NA,NA,NA,34.96020667,-111.49296,87,9.1,2025,,,,
Gambel oak,QUGA,ML-P1-T4,ML,L2,1,92246664,Pre_Dawn,10,NA,NA,NA,NA,NA,34.96020667,-111.49296,87,9.1,2025,,,,
Pinus Ponderosa,PIPO,ML-P1-T5,ML,L1,1,92246661,Pre_Dawn,0,NA,NA,NA,NA,NA,34.96022333,-111.49199,NA,NA,2025,,,,
Pinus Ponderosa,PIPO,ML-P1-T5,ML,L2,1,92246661,Pre_Dawn,0,NA,NA,NA,NA,NA,34.96022333,-111.49199,NA,NA,2025,,,,
Pinus Ponderosa,PIPO,ML-P2-T1,ML,L1,1,92246687,Pre_Dawn,NA,NA,NA,NA,NA,NA,34.94132064,-111.3524644,89.4,9.2,2025,,,,
Pinus Ponderosa,PIPO,ML-P2-T1,ML,L2,1,92246687,Pre_Dawn,NA,NA,NA,NA,NA,NA,34.94132064,-111.3524644,89.4,9.2,2025,,,,
Pinus Ponderosa,PIPO,ML-P2-T2,ML,L1,1,92246686,Pre_Dawn,NA,NA,NA,NA,NA,NA,34.94135588,-111.3525402,103.6,8.9,2025,,,,
Pinus Ponderosa,PIPO,ML-P2-T2,ML,L2,1,92246686,Pre_Dawn,NA,NA,NA,NA,NA,NA,34.94135588,-111.3525402,103.6,8.9,2025,,,,
Pinus Ponderosa,PIPO,ML-P2-T3,ML,L1,1,92246665,Pre_Dawn,NA,NA,NA,NA,NA,NA,34.93502769,-111.3793029,NA,NA,2025,,,,
Pinus Ponderosa,PIPO,ML-P2-T3,ML,L2,1,92246665,Pre_Dawn,NA,NA,NA,NA,NA,NA,34.93502769,-111.3793029,NA,NA,2025,,,,
White fir,ABCO,ML-P1-T1,ML,L1,1,92246683,Mid_Day,9,8.05,3.4,2.156,1,0.577639752,34.96004833,-111.4926033,NA,22.5,2025,,,,
White fir,ABCO,ML-P1-T1,ML,L2,1,92246683,Mid_Day,9,7.41,3.16,2.019,0.733333333,0.573549258,34.96004833,-111.4926033,NA,22.5,2025,,,,
White fir,ABCO,ML-P1-T2,ML,L1,1,99246685,Mid_Day,2,4.13,1.86,1.853,0.733333333,0.549636804,34.95992,-111.49271,139.3,13.8,2025,,,,
White fir,ABCO,ML-P1-T2,ML,L1,2,99246685,Mid_Day,2,4.25,1.74,1.999,0.6,0.590588235,34.95992,-111.49271,139.3,13.8,2025,,,,
White fir,ABCO,ML-P1-T2,ML,L2,1,99246685,Mid_Day,2,5.11,1.58,1.636,0.9,0.690802348,34.95992,-111.49271,139.3,13.8,2025,,,,
White fir,ABCO,ML-P1-T2,ML,L2,2,99246685,Mid_Day,2,4.24,1.04,NA,0.466666667,0.754716981,34.95992,-111.49271,139.3,13.8,2025,,,,
Gambel oak,QUGA,ML-P1-T3,ML,L1,1,92246684,Mid_Day,9,0.67,0.35,3.33,0.333333333,0.47761194,34.96024833,-111.49288,140,9.9,2025,,,,
Gambel oak,QUGA,ML-P1-T3,ML,L1,2,92246684,Mid_Day,9,NA,NA,NA,NA,NA,34.96024833,-111.49288,140,9.9,2025,,,,
Gambel oak,QUGA,ML-P1-T3,ML,L2,1,92246684,Mid_Day,9,0.71,0.34,3.499,0.266666667,0.521126761,34.96024833,-111.49288,140,9.9,2025,,,,
Gambel oak,QUGA,ML-P1-T3,ML,L2,2,92246684,Mid_Day,9,NA,NA,4.005,NA,NA,34.96024833,-111.49288,140,9.9,2025,,,,
Gambel oak,QUGA,ML-P1-T4,ML,L1,1,92246664,Mid_Day,10,0.53,0.26,3.817,0.266666667,0.509433962,34.96020667,-111.49296,87,9.1,2025,,,,
Gambel oak,QUGA,ML-P1-T4,ML,L1,2,92246664,Mid_Day,10,NA,NA,3.676,NA,NA,34.96020667,-111.49296,87,9.1,2025,,,,
Gambel oak,QUGA,ML-P1-T4,ML,L2,1,92246664,Mid_Day,10,1.07,0.48,3.367,0.333333333,0.551401869,34.96020667,-111.49296,87,9.1,2025,,,,
Gambel oak,QUGA,ML-P1-T4,ML,L2,2,92246664,Mid_Day,10,NA,NA,NA,NA,NA,34.96020667,-111.49296,87,9.1,2025,,,,
Pinus Ponderosa,PIPO,ML-P1-T5,ML,L1,1,92246661,Mid_Day,0,NA,NA,NA,NA,NA,34.96022333,-111.49199,NA,NA,2025,,,,
Pinus Ponderosa,PIPO,ML-P1-T5,ML,L2,1,92246661,Mid_Day,0,NA,NA,NA,NA,NA,34.96022333,-111.49199,NA,NA,2025,,,,
Pinus Ponderosa,PIPO,ML-P2-T1,ML,L1,1,92246687,Mid_Day,10,0.45,0.23,2.821,0.766666667,0.488888889,34.94132064,-111.3524644,89.4,9.2,2025,,,,
Pinus Ponderosa,PIPO,ML-P2-T1,ML,L1,2,92246687,Mid_Day,10,0.62,0.35,2.642,1.133333333,0.435483871,34.94132064,-111.3524644,89.4,9.2,2025,,,,
Pinus Ponderosa,PIPO,ML-P2-T1,ML,L2,1,92246687,Mid_Day,10,0.35,0.21,3.504,0.633333333,0.4,34.94132064,-111.3524644,89.4,9.2,2025,,,,
Pinus Ponderosa,PIPO,ML-P2-T1,ML,L2,2,92246687,Mid_Day,10,0.39,0.22,2.821,0.633333333,0.435897436,34.94132064,-111.3524644,89.4,9.2,2025,,,,
Pinus Ponderosa,PIPO,ML-P2-T2,ML,L1,1,92246686,Mid_Day,10,0.45,0.2,2.831,0.7,0.555555556,34.94135588,-111.3525402,103.6,8.9,2025,,,,
Pinus Ponderosa,PIPO,ML-P2-T2,ML,L1,2,92246686,Mid_Day,10,0.4,0.2,2.304,0.7,0.5,34.94135588,-111.3525402,103.6,8.9,2025,,,,
Pinus Ponderosa,PIPO,ML-P2-T2,ML,L2,1,92246686,Mid_Day,10,0.75,0.36,2.35,0.766666667,0.52,34.94135588,-111.3525402,103.6,8.9,2025,,,,
Pinus Ponderosa,PIPO,ML-P2-T2,ML,L2,2,92246686,Mid_Day,10,0.76,0.43,2.453,0.933333333,0.434210526,34.94135588,-111.3525402,103.6,8.9,2025,,,,
Pinus Ponderosa,PIPO,ML-P2-T3,ML,L1,1,92246665,Mid_Day,0,NA,NA,NA,NA,NA,34.93502769,-111.3793029,NA,NA,2025,,,,
Pinus Ponderosa,PIPO,ML-P2-T3,ML,L2,1,92246665,Mid_Day,0,NA,NA,NA,NA,NA,34.93502769,-111.3793029,NA,NA,2025,,,,
White fir,ABCO,ML-P1-T1,ML,L1,1,92246683,Mid_day,9,NA,NA,2.084,NA,NA,34.96004833,-111.4926033,NA,22.5,2025,,,,
White fir,ABCO,ML-P1-T1,ML,L2,1,92246683,Mid_day,9,NA,NA,2.148,NA,NA,34.96004833,-111.4926033,NA,22.5,2025,,,,
White fir,ABCO,ML-P1-T2,ML,L1,1,99246685,Mid_day,2,NA,NA,2.088,NA,NA,34.95992,-111.49271,139.3,13.8,2025,,,,
White fir,ABCO,ML-P1-T2,ML,L2,1,99246685,Mid_day,2,NA,NA,2.224,NA,NA,34.95992,-111.49271,139.3,13.8,2025,,,,
Gambel oak,QUGA,ML-P1-T3,ML,L1,1,92246684,Mid_day,9,NA,NA,NA,NA,NA,34.96024833,-111.49288,140,9.9,2025,,,,
Gambel oak,QUGA,ML-P1-T3,ML,L2,1,92246684,Mid_day,9,NA,NA,NA,NA,NA,34.96024833,-111.49288,140,9.9,2025,,,,
Gambel oak,QUGA,ML-P1-T4,ML,L1,1,92246664,Mid_day,10,NA,NA,4.212,NA,NA,34.96020667,-111.49296,87,9.1,2025,,,,
Gambel oak,QUGA,ML-P1-T4,ML,L2,1,92246664,Mid_day,10,NA,NA,4.097,NA,NA,34.96020667,-111.49296,87,9.1,2025,,,,
Pinus Ponderosa,PIPO,ML-P1-T5,ML,L1,1,92246661,Mid_day,0,NA,NA,4.197,NA,NA,34.96022333,-111.49199,NA,NA,2025,,,,
Pinus Ponderosa,PIPO,ML-P1-T5,ML,L2,1,92246661,Mid_day,0,NA,NA,4.135,NA,NA,34.96022333,-111.49199,NA,NA,2025,,,,
Emory oak,QUEM,SK-P1-T1,SK,L1,1,92248315,Pre_Dawn,1,0.27,0.08,2.604,0.533,0.703703704,32.37410308,-110.6922613,52.2,6,2025,,,,
Emory oak,QUEM,SK-P1-T1,SK,L2,1,92248315,Pre_Dawn,1,0.18,0.1,0.468,0.515666667,0.444444444,32.37410308,-110.6922613,52.2,6,2025,,,,
Silverleaf oak,QUHY,SK-P1-T2,SK,L1,1,92248310,Pre_Dawn,9,0.29,0.16,2.15,0.707,0.448275862,32.37401806,-110.6925193,71,6.2,2025,,,,
Silverleaf oak,QUHY,SK-P1-T2,SK,L2,1,92248310,Pre_Dawn,9,0.93,0.29,2.219,0.752666667,0.688172043,32.37401806,-110.6925193,71,6.2,2025,,,,
Chihuahua pine,PILE,SK-P1-T3,SK,L1,1,92248309,Pre_Dawn,4,0.05,0.01,1.364,NA,0.8,32.37424173,-110.6923787,72.5,8.6,2025,,,,
Chihuahua pine,PILE,SK-P1-T3,SK,L2,1,92248309,Pre_Dawn,4,0.12,0.07,1.805,NA,0.416666667,32.37424173,-110.6923787,72.5,8.6,2025,,,,
Silverleaf oak,QUHY,SK-P1-T4,SK,L1,1,92248308,Pre_Dawn,7,NA,NA,NA,NA,NA,32.37420288,-110.6922675,47,5.7,2025,,,,
Silverleaf oak,QUHY,SK-P1-T4,SK,L2,1,92248308,Pre_Dawn,7,NA,NA,NA,NA,NA,32.37420288,-110.6922675,47,5.7,2025,,,,
Southern White Pine ,PIST,SK-P1-T5,SK,L1,1,92248307,Pre_Dawn,10,0.22,0.1,1.349,NA,0.545454545,32.37400398,-110.6922478,92.5,11.4,2025,,,,
Southern White Pine ,PIST,SK-P1-T5,SK,L2,1,92248307,Pre_Dawn,10,NA,NA,NA,NA,NA,32.37400398,-110.6922478,92.5,11.4,2025,,,,
Emory oak,QUEM,SK-P1-T6,SK,L1,1,92248306,Pre_Dawn,9,NA,NA,NA,NA,NA,32.37430747,-110.6919668,45,3.8,2025,,,,
Emory oak,QUEM,SK-P1-T6,SK,L2,1,92248306,Pre_Dawn,9,NA,NA,NA,NA,NA,32.37430747,-110.6919668,45,3.8,2025,,,,
Douglas fir,PSME,SK-P2-T1,SK,L1,1,92248312,Pre_Dawn,10,1.26,0.61,0.63,NA,0.515873016,32.42694786,-110.7419914,138,16.6,2025,,,,
Douglas fir,PSME,SK-P2-T1,SK,L2,1,92248312,Pre_Dawn,10,1.04,0.48,1.035,NA,0.538461538,32.42694786,-110.7419914,138,16.6,2025,,,,
Douglas fir,PSME,SK-P2-T2,SK,L1,1,92248304,Pre_Dawn,10,1.19,0.37,1.468,NA,0.68907563,32.42701655,-110.7418792,142,21.1,2025,,,,
Douglas fir,PSME,SK-P2-T2,SK,L2,1,92248304,Pre_Dawn,10,1.28,0.6,0.626,NA,0.53125,32.42701655,-110.7418792,142,21.1,2025,,,,
Ponderosa pine,PIPO,SK-P2-T3,SK,L1,1,92248305,Pre_Dawn,7,0.89,0.4,1.381,NA,0.550561798,32.42686627,-110.7414038,259.5,28.8,2025,,,,
Ponderosa pine,PIPO,SK-P2-T3,SK,L2,1,92248305,Pre_Dawn,7,0.34,0.15,1.11,NA,0.558823529,32.42686627,-110.7414038,259.5,28.8,2025,,,,
Douglas fir,PSME,SK-P3-T1,SK,L1,1,92248301,Pre_Dawn,8,1.64,0.57,2.255,NA,0.652439024,32.44763888,-110.7702825,246,30.1,2025,,,,
Douglas fir,PSME,SK-P3-T1,SK,L1,2,92248301,Pre_Dawn,8,1.35,"0,45",2.35,NA,NA,32.44763888,-110.7702825,246,30.1,2025,,,,
Douglas fir,PSME,SK-P3-T1,SK,L2,1,92248301,Pre_Dawn,8,NA,NA,NA,NA,NA,32.44763888,-110.7702825,246,30.1,2025,,,,
Douglas fir,PSME,SK-P3-T1,SK,L2,2,92248301,Pre_Dawn,8,NA,NA,NA,NA,NA,32.44763888,-110.7702825,246,30.1,2025,,,,
White fir,ABCO,SK-P3-T2,SK,L1,1,92246672,Pre_Dawn,10,0.59,0.31,1.052,NA,0.474576271,32.44708196,-110.7689418,233.5,27.9,2025,,,,
White fir,ABCO,SK-P3-T2,SK,L1,2,92246672,Pre_Dawn,10,1.76,0.86,1.604,NA,0.511363636,32.44708196,-110.7689418,233.5,27.9,2025,,,,
White fir,ABCO,SK-P3-T2,SK,L2,1,92246672,Pre_Dawn,10,0.81,0.4,0.481,NA,0.50617284,32.44708196,-110.7689418,233.5,27.9,2025,,,,
White fir,ABCO,SK-P3-T2,SK,L2,2,92246672,Pre_Dawn,10,1.37,0.66,0.185,NA,0.518248175,32.44708196,-110.7689418,233.5,27.9,2025,,,,
Douglas fir,PSME,SK-P3-T2,SK,L2,3,92246672,Pre_Dawn,10,0.75,0.35,0.41,NA,0.533333333,32.44708196,-110.7689418,233.5,27.9,2025,,,,
Douglas fir,PSME,SK-P3-T3,SK,L1,1,92248302,Pre_Dawn,10,1.13,0.53,1.365,NA,0.530973451,32.44689656,-110.7690394,341,37.5,2025,,,,
Douglas fir,PSME,SK-P3-T3,SK,L1,2,92248302,Pre_Dawn,10,0.54,0.22,1.011,NA,0.592592593,32.44689656,-110.7690394,341,37.5,2025,,,,
Douglas fir,PSME,SK-P3-T3,SK,L2,1,92248302,Pre_Dawn,10,0.52,0.22,1.085,NA,0.576923077,32.44689656,-110.7690394,341,37.5,2025,,,,
Douglas fir,PSME,SK-P3-T3,SK,L2,2,92248302,Pre_Dawn,10,0.42,0.19,1.231,NA,0.547619048,32.44689656,-110.7690394,341,37.5,2025,,,,
Emory oak,QUEM,SK-P1-T1,SK,L1,1,92248315,Mid_Day,1,0.17,0.1,3.456,0.531666667,0.411764706,32.37410308,-110.6922613,52.2,6,2025,,,,
Emory oak,QUEM,SK-P1-T1,SK,L2,1,92248315,Mid_Day,1,0.24,0.13,3.409,0.654,0.458333333,32.37410308,-110.6922613,52.2,6,2025,,,,
Silverleaf oak,QUHY,SK-P1-T2,SK,L1,1,92248310,Mid_Day,9,0.35,0.09,2.674,0.939333333,0.742857143,32.37401806,-110.6925193,71,6.2,2025,,,,
Silverleaf oak,QUHY,SK-P1-T2,SK,L2,1,92248310,Mid_Day,9,0.54,0.37,3.152,0.826666667,0.314814815,32.37401806,-110.6925193,71,6.2,2025,,,,
Chihuahua pine,PILE,SK-P1-T3,SK,L1,1,92248309,Mid_Day,4,0.04,0.01,2.554,NA,0.75,32.37424173,-110.6923787,72.5,8.6,2025,,,,
Chihuahua pine,PILE,SK-P1-T3,SK,L2,1,92248309,Mid_Day,4,0.07,0.02,2.965,NA,0.714285714,32.37424173,-110.6923787,72.5,8.6,2025,,,,
Silverleaf oak,QUHY,SK-P1-T4,SK,L1,1,92248308,Mid_Day,7,0.27,0.21,3.425,0.858666667,0.222222222,32.37420288,-110.6922675,47,5.7,2025,,,,
Silverleaf oak,QUHY,SK-P1-T4,SK,L2,1,92248308,Mid_Day,7,0.4,0.22,3.856,0.738,0.45,32.37420288,-110.6922675,47,5.7,2025,,,,
Southern White Pine ,PIST,SK-P1-T5,SK,L1,1,92248307,Mid_Day,10,0.19,0.08,3.564,NA,0.578947368,32.37400398,-110.6922478,92.5,11.4,2025,,,,
Southern White Pine ,PIST,SK-P1-T5,SK,L2,1,92248307,Mid_Day,10,0.41,0.19,2.745,NA,0.536585366,32.37400398,-110.6922478,92.5,11.4,2025,,,,
Emory oak,QUEM,SK-P1-T6,SK,L1,1,92248306,Mid_Day,9,0.16,0.1,4.807,0.539,0.375,32.37430747,-110.6919668,45,3.8,2025,,,,
Emory oak,QUEM,SK-P1-T6,SK,L2,1,92248306,Mid_Day,9,0.38,0.24,4.625,0.535333333,0.368421053,32.37430747,-110.6919668,45,3.8,2025,,,,
Douglas fir,PSME,SK-P2-T1,SK,L1,1,92248312,Mid_Day,10,0.97,0.46,0.538,NA,0.525773196,32.42694786,-110.7419914,138,16.6,2025,,,,
Douglas fir,PSME,SK-P2-T1,SK,L2,1,92248312,Mid_Day,10,1.85,0.86,1.433,NA,0.535135135,32.42694786,-110.7419914,138,16.6,2025,,,,
Douglas fir,PSME,SK-P2-T2,SK,L1,1,92248304,Mid_Day,10,0.67,0.36,2.033,NA,0.462686567,32.42701655,-110.7418792,142,21.1,2025,,,,
Douglas fir,PSME,SK-P2-T2,SK,L2,1,92248304,Mid_Day,10,1.63,0.68,1.739,NA,0.582822086,32.42701655,-110.7418792,142,21.1,2025,,,,
Ponderosa pine,PIPO,SK-P2-T3,SK,L1,1,92248305,Mid_Day,7,0.75,0.39,1.064,NA,0.48,32.42686627,-110.7414038,259.5,28.8,2025,,,,
Ponderosa pine,PIPO,SK-P2-T3,SK,L2,1,92248305,Mid_Day,7,0.35,0.14,1.493,NA,0.6,32.42686627,-110.7414038,259.5,28.8,2025,,,,
Douglas fir,PSME,SK-P3-T1,SK,L1,1,92248301,Mid_Day,8,0.68,0.26,2.019,NA,0.617647059,32.44763888,-110.7702825,246,30.1,2025,,,,
Douglas fir,PSME,SK-P3-T1,SK,L1,2,92248301,Mid_Day,8,1.42,0.5,1.564,NA,0.647887324,32.44763888,-110.7702825,246,30.1,2025,,,,
Douglas fir,PSME,SK-P3-T1,SK,L2,1,92248301,Mid_Day,8,0.63,0.31,2.539,NA,0.507936508,32.44763888,-110.7702825,246,30.1,2025,,,,
Douglas fir,PSME,SK-P3-T1,SK,L2,2,92248301,Mid_Day,8,0.49,0.24,NA,NA,0.510204082,32.44763888,-110.7702825,246,30.1,2025,,,,
White fir,ABCO,SK-P3-T2,SK,L1,1,92246672,Mid_Day,10,0.56,0.28,0.774,NA,0.5,32.44708196,-110.7689418,233.5,27.9,2025,,,,
White fir,ABCO,SK-P3-T2,SK,L1,2,92246672,Mid_Day,10,0.29,0.21,1.496,NA,0.275862069,32.44708196,-110.7689418,233.5,27.9,2025,,,,
White fir,ABCO,SK-P3-T2,SK,L2,1,92246672,Mid_Day,10,0.65,0.25,0.981,NA,0.615384615,32.44708196,-110.7689418,233.5,27.9,2025,,,,
White fir,ABCO,SK-P3-T2,SK,L2,2,92246672,Mid_Day,10,0.42,0.19,NA,NA,0.547619048,32.44708196,-110.7689418,233.5,27.9,2025,,,,
Douglas fir,PSME,SK-P3-T2,SK,L2,3,92246672,Mid_Day,10,NA,NA,NA,NA,NA,32.44708196,-110.7689418,233.5,27.9,2025,,,,
Douglas fir,PSME,SK-P3-T3,SK,L1,1,92248302,Mid_Day,10,NA,NA,NA,NA,NA,32.44689656,-110.7690394,341,37.5,2025,,,,
Douglas fir,PSME,SK-P3-T3,SK,L1,2,92248302,Mid_Day,10,NA,NA,NA,NA,NA,32.44689656,-110.7690394,341,37.5,2025,,,,
Douglas fir,PSME,SK-P3-T3,SK,L2,1,92248302,Mid_Day,10,NA,NA,NA,NA,NA,32.44689656,-110.7690394,341,37.5,2025,,,,
Douglas fir,PSME,SK-P3-T3,SK,L2,2,92248302,Mid_Day,10,NA,NA,NA,NA,NA,32.44689656,-110.7690394,341,37.5,2025,,,,
Emory oak,QUEM,SK-P1-T1,SK,L1,1,92248315,Mid_Day,10,NA,NA,1.16,0.2,NA,32.37410308,-110.6922613,52.2,6,2025,,,,
Emory oak,QUEM,SK-P1-T1,SK,L2,1,92248315,Mid_Day,10,NA,NA,2.915,0.266666667,NA,32.37410308,-110.6922613,52.2,6,2025,,,,
Silverleaf oak,QUHY,SK-P1-T2,SK,L1,1,92248310,Mid_Day,10,NA,NA,2.124,0.566666667,NA,32.37401806,-110.6925193,71,6.2,2025,,,,
Silverleaf oak,QUHY,SK-P1-T2,SK,L2,1,92248310,Mid_Day,10,NA,NA,2.521,0.666666667,NA,32.37401806,-110.6925193,71,6.2,2025,,,,
Chihuahua pine,PILE,SK-P1-T3,SK,L1,1,92248309,Mid_Day,4,NA,NA,3.222,0.2,NA,32.37424173,-110.6923787,72.5,8.6,2025,,,,
Chihuahua pine,PILE,SK-P1-T3,SK,L2,1,92248309,Mid_Day,4,NA,NA,2.348,0.266666667,NA,32.37424173,-110.6923787,72.5,8.6,2025,,,,
Silverleaf oak,QUHY,SK-P1-T4,SK,L1,1,92248308,Mid_Day,10,NA,NA,3.185,0.4,NA,32.37420288,-110.6922675,47,5.7,2025,,,,
Silverleaf oak,QUHY,SK-P1-T4,SK,L2,1,92248308,Mid_Day,10,NA,NA,2.816,0.4,NA,32.37420288,-110.6922675,47,5.7,2025,,,,
Southern White Pine ,PIST,SK-P1-T5,SK,L1,1,92248307,Mid_Day,9,NA,NA,4.521,0.433333333,NA,32.37400398,-110.6922478,92.5,11.4,2025,,,,
Southern White Pine ,PIST,SK-P1-T5,SK,L2,1,92248307,Mid_Day,9,NA,NA,3.647,0.533333333,NA,32.37400398,-110.6922478,92.5,11.4,2025,,,,
Emory oak,QUEM,SK-P1-T6,SK,L1,1,92248306,Mid_Day,10,NA,NA,4.129,0.233333333,NA,32.37430747,-110.6919668,45,3.8,2025,,,,
Emory oak,QUEM,SK-P1-T6,SK,L2,1,92248306,Mid_Day,10,NA,NA,3.372,0.333333333,NA,32.37430747,-110.6919668,45,3.8,2025,,,,
Douglas fir,PSME,SK-P2-T1,SK,L1,1,92248312,Mid_Day,10,NA,NA,2.747,0.4,NA,32.42694786,-110.7419914,138,16.6,2025,,,,
Douglas fir,PSME,SK-P2-T1,SK,L2,1,92248312,Mid_Day,10,NA,NA,2.208,0.366666667,NA,32.42694786,-110.7419914,138,16.6,2025,,,,
Douglas fir,PSME,SK-P2-T2,SK,L1,1,92248304,Mid_Day,10,NA,NA,2.578,0.3,NA,32.42701655,-110.7418792,142,21.1,2025,,,,
Douglas fir,PSME,SK-P2-T2,SK,L2,1,92248304,Mid_Day,10,NA,NA,2.473,0.233333333,NA,32.42701655,-110.7418792,142,21.1,2025,,,,
Ponderosa pine,PIPO,SK-P2-T3,SK,L1,1,92248305,Mid_Day,8,NA,NA,3.627,0.566666667,NA,32.42686627,-110.7414038,259.5,28.8,2025,,,,
Ponderosa pine,PIPO,SK-P2-T3,SK,L2,1,92248305,Mid_Day,8,NA,NA,3.075,0.533333333,NA,32.42686627,-110.7414038,259.5,28.8,2025,,,,
Douglas fir,PSME,SK-P3-T1,SK,L1,1,92248301,Mid_Day,9,NA,NA,1.997,0.333333333,NA,32.44763888,-110.7702825,246,30.1,2025,,,,
Douglas fir,PSME,SK-P3-T1,SK,L2,1,92248301,Mid_Day,9,NA,NA,2.179,0.3,NA,32.44763888,-110.7702825,246,30.1,2025,,,,
White fir,ABCO,SK-P3-T2,SK,L1,1,92246672,Mid_Day,10,NA,NA,1.698,0.7,NA,32.44708196,-110.7689418,233.5,27.9,2025,,,,
White fir,ABCO,SK-P3-T2,SK,L2,1,92246672,Mid_Day,10,NA,NA,1.409,0.333333333,NA,32.44708196,-110.7689418,233.5,27.9,2025,,,,
Douglas fir,PSME,SK-P3-T3,SK,L1,1,92248302,Mid_Day,10,NA,NA,2.205,0.366666667,NA,32.44689656,-110.7690394,341,37.5,2025,,,,
Douglas fir,PSME,SK-P3-T3,SK,L2,1,92248302,Mid_Day,10,NA,NA,1.896,0.3,NA,32.44689656,-110.7690394,341,37.5,2025,,,,
Douglas fir,PSME,SK-P4-T1,SK,L1,1,92248313,Mid_Day,10,0.85,0.47,4.579,0.433333333,0.447058824,32.39823681,-110.688783,96,14.6,2025,,,,
Douglas fir,PSME,SK-P4-T1,SK,L2,1,92248313,Mid_Day,10,2.01,1.13,2.783,0.3,0.437810945,32.39823681,-110.688783,96,14.6,2025,,,,
Ponderosa pine,PIPO,SK-P4-T2,SK,L1,1,92248311,Mid_Day,9,0.76,0.65,4.527,0.533333333,0.144736842,32.39809055,-110.6887177,233.5,20.5,2025,,,,
Ponderosa pine,PIPO,SK-P4-T2,SK,L2,1,92248311,Mid_Day,9,0.64,0.58,4.015,0.6,0.09375,32.39809055,-110.6887177,233.5,20.5,2025,,,,
Douglas fir,PSME,SK-P4-T3,SK,L1,1,92248314,Mid_Day,10,0.93,0.67,3.304,0.166666667,0.279569892,32.3982032,-110.6886003,113.5,15,2025,,,,
Douglas fir,PSME,SK-P4-T3,SK,L2,1,92248314,Mid_Day,10,0.49,0.32,4.116,0.2,0.346938776,32.3982032,-110.6886003,113.5,15,2025,,,,
White fir,ABCO,SB-P1-T1,SB,L1,1,92246670,Pre_Dawn,8,0.77,0.29,1.165,0.533333333,0.623376623,34.45718334,-111.3943776,257.6,34.2,2025,,,,
White fir,ABCO,SB-P1-T1,SB,L2,1,92246670,Pre_Dawn,8,0.81,0.28,1.13,0.766666667,0.654320988,34.45718334,-111.3943776,257.6,34.2,2025,,,,
White fir,ABCO,SB-P1-T2,SB,L1,1,92246669,Pre_Dawn,10,0.99,0.38,1.585,0.366666667,0.616161616,34.45728911,-111.3944631,308.8,38.8,2025,,,,
White fir,ABCO,SB-P1-T2,SB,L2,1,92246669,Pre_Dawn,10,0.81,0.3,1.234,0.533333333,0.62962963,34.45728911,-111.3944631,308.8,38.8,2025,,,,
White fir,ABCO,SB-P1-T3,SB,L1,1,92246667,Pre_Dawn,10,1.12,0.65,1.075,0.6,0.419642857,34.45800691,-111.394864,214.3,36.1,2025,,,,
White fir,ABCO,SB-P1-T3,SB,L2,1,92246667,Pre_Dawn,10,0.99,0.37,1.038,0.666666667,0.626262626,34.45800691,-111.394864,214.3,36.1,2025,,,,
White fir,ABCO,SB-P1-T1,SB,L1,1,92246670,Mid_Day,8,1.67,0.63,1.171,0.6,0.622754491,34.45718334,-111.3943776,257.6,34.2,2025,,,,
White fir,ABCO,SB-P1-T1,SB,L2,1,92246670,Mid_Day,8,0.57,0.26,1.612,0.6,0.543859649,34.45718334,-111.3943776,257.6,34.2,2025,,,,
White fir,ABCO,SB-P1-T2,SB,L1,1,92246669,Mid_Day,10,1.28,0.56,1.902,0.566666667,0.5625,34.45728911,-111.3944631,308.8,38.8,2025,,,,
White fir,ABCO,SB-P1-T2,SB,L2,1,92246669,Mid_Day,10,0.83,0.37,0.954,0.666666667,0.554216867,34.45728911,-111.3944631,308.8,38.8,2025,,,,
White fir,ABCO,SB-P1-T3,SB,L1,1,92246667,Mid_Day,10,1.02,0.84,1.545,0.4,0.176470588,34.45800691,-111.394864,214.3,36.1,2025,,,,
White fir,ABCO,SB-P1-T3,SB,L2,1,92246667,Mid_Day,10,1.06,0.88,1.504,0.466666667,0.169811321,34.45800691,-111.394864,214.3,36.1,2025,,,,
Gambel oak,QUGA,TO-P1-T1,TO,L1,1,92246668,Pre_Dawn,10,0.73,0.34,2.005,0.366666667,0.534246575,34.24696756,-110.850455,125.2,11.1,2025,,,,
Gambel oak,QUGA,TO-P1-T1,TO,L2,1,92246668,Pre_Dawn,10,1.41,0.66,1.623,0.2,0.531914894,34.24696756,-110.850455,125.2,11.1,2025,,,,
White fir,ABCO,TO-P1-T2,TO,L1,1,92246666,Pre_Dawn,0,NA,NA,NA,NA,NA,34.24730332,-110.8498978,NA,NA,2025,,,,
White fir,ABCO,TO-P1-T2,TO,L2,1,92246666,Pre_Dawn,0,NA,NA,NA,NA,NA,34.24730332,-110.8498978,NA,NA,2025,,,,
Gambel oak,QUGA,TO-P1-T3,TO,L1,1,92246644,Pre_Dawn,7,1.2,0.56,1.142,0.2,0.533333333,34.24608341,-110.8499177,79.1,12.8,2025,,,,
Gambel oak,QUGA,TO-P1-T3,TO,L2,1,92246644,Pre_Dawn,7,1.35,0.64,1.237,0.166666667,0.525925926,34.24608341,-110.8499177,79.1,12.8,2025,,,,
Gambel oak,QUGA,TO-P1-T1,TO,L1,1,92246668,Mid_Day,10,1.21,0.58,2.91,0.166666667,0.520661157,34.24696756,-110.850455,125.2,11.1,2025,,,,
Gambel oak,QUGA,TO-P1-T1,TO,L2,1,92246668,Mid_Day,10,0.65,0.25,2.196,0.166666667,0.615384615,34.24696756,-110.850455,125.2,11.1,2025,,,,
White fir,ABCO,TO-P1-T2,TO,L1,1,92246666,Mid_Day,0,NA,NA,NA,NA,NA,34.24730332,-110.8498978,NA,NA,2025,,,,
White fir,ABCO,TO-P1-T2,TO,L2,1,92246666,Mid_Day,0,NA,NA,NA,NA,NA,34.24730332,-110.8498978,NA,NA,2025,,,,
Gambel oak,QUGA,TO-P1-T3,TO,L1,1,92246644,Mid_Day,7,0.97,0.47,2.543,0.2,0.515463918,34.24608341,-110.8499177,79.1,12.8,2025,,,,
Gambel oak,QUGA,TO-P1-T3,TO,L2,1,92246644,Mid_Day,7,1.04,0.6,1.927,0.2,0.423076923,34.24608341,-110.8499177,79.1,12.8,2025,,,,
,,,,,,,,,,,,,,,,,,,,,,
,,,,,,,,,,,,,,,,,,,,,,
,,,,,,,,,,,,,,,,,,,,,,
,,,,,,,,,,,,,,,,,,,,,,
,,,,,,,,,,,,,,,,,,,,,,
,,,,,,,,,,,,,,,,,,,,,,
,,,,,,,,,,,,,,,,,,,,,,
,,,,,,,,,,,,,,,,,,,,,,
,,,,,,,,,,,,,,,,,,,,,,
,,,,,,,,,,,,,,,,,,,,,,
,,,,,,,,,,,,,,,,,,,,,,
,,,,,,,,,,,,,,,,,,,,,,
,,,,,,,,,,,,,,,,,,,,,,
,,,,,,,,,,,,,,,,,,,,,,
,,,,,,,,,,,,,,,,,,,,,,
,,,,,,,,,,,,,,,,,,,,,,
,,,,,,,,,,,,,,,,,,,,,,
,,,,,,,,,,,,,,,,,,,,,,
,,,,,,,,,,,,,,,,,,,,,,
,,,,,,,,,,,,,,,,,,,,,,
,,,,,,,,,,,,,,,,,,,,,,
,,,,,,,,,,,,,,,,,,,,,,
,,,,,,,,,,,,,,,,,,,,,,
,,,,,,,,,,,,,,,,,,,,,,
,,,,,,,,,,,,,,,,,,,,,,
,,,,,,,,,,,,,,,,,,,,,,
,,,,,,,,,,,,,,,,,,,,,,
,,,,,,,,,,,,,,,,,,,,,,
,,,,,,,,,,,,,,,,,,,,,,
,,,,,,,,,,,,,,,,,,,,,,
,,,,,,,,,,,,,,,,,,,,,,
,,,,,,,,,,,,,,,,,,,,,,
,,,,,,,,,,,,,,,,,,,,,,
,,,,,,,,,,,,,,,,,,,,,,
,,,,,,,,,,,,,,,,,,,,,,
,,,,,,,,,,,,,,,,,,,,,,
,,,,,,,,,,,,,,,,,,,,,,
,,,,,,,,,,,,,,,,,,,,,,
,,,,,,,,,,,,,,,,,,,,,,
,,,,,,,,,,,,,,,,,,,,,,
,,,,,,,,,,,,,,,,,,,,,,
,,,,,,,,,,,,,,,,,,,,,,
,,,,,,,,,,,,,,,,,,,,,,
,,,,,,,,,,,,,,,,,,,,,,
,,,,,,,,,,,,,,,,,,,,,,
,,,,,,,,,,,,,,,,,,,,,,
,,,,,,,,,,,,,,,,,,,,,,
,,,,,,,,,,,,,,,,,,,,,,
,,,,,,,,,,,,,,,,,,,,,,
,,,,,,,,,,,,,,,,,,,,,,
,,,,,,,,,,,,,,,,,,,,,,
,,,,,,,,,,,,,,,,,,,,,,
,,,,,,,,,,,,,,,,,,,,,,
,,,,,,,,,,,,,,,,,,,,,,
,,,,,,,,,,,,,,,,,,,,,,
,,,,,,,,,,,,,,,,,,,,,,
,,,,,,,,,,,,,,,,,,,,,,
,,,,,,,,,,,,,,,,,,,,,,
,,,,,,,,,,,,,,,,,,,,,,
,,,,,,,,,,,,,,,,,,,,,,
,,,,,,,,,,,,,,,,,,,,,,
,,,,,,,,,,,,,,,,,,,,,,
,,,,,,,,,,,,,,,,,,,,,,
,,,,,,,,,,,,,,,,,,,,,,
,,,,,,,,,,,,,,,,,,,,,,
,,,,,,,,,,,,,,,,,,,,,,
,,,,,,,,,,,,,,,,,,,,,,
,,,,,,,,,,,,,,,,,,,,,,
,,,,,,,,,,,,,,,,,,,,,,
,,,,,,,,,,,,,,,,,,,,,,
,,,,,,,,,,,,,,,,,,,,,,
,,,,,,,,,,,,,,,,,,,,,,
,,,,,,,,,,,,,,,,,,,,,,
,,,,,,,,,,,,,,,,,,,,,,
,,,,,,,,,,,,,,,,,,,,,,
,,,,,,,,,,,,,,,,,,,,,,
,,,,,,,,,,,,,,,,,,,,,,
,,,,,,,,,,,,,,,,,,,,,,
,,,,,,,,,,,,,,,,,,,,,,
,,,,,,,,,,,,,,,,,,,,,,
,,,,,,,,,,,,,,,,,,,,,,
,,,,,,,,,,,,,,,,,,,,,,
,,,,,,,,,,,,,,,,,,,,,,
,,,,,,,,,,,,,,,,,,,,,,
,,,,,,,,,,,,,,,,,,,,,,
,,,,,,,,,,,,,,,,,,,,,,
,,,,,,,,,,,,,,,,,,,,,,
,,,,,,,,,,,,,,,,,,,,,,
,,,,,,,,,,,,,,,,,,,,,,
,,,,,,,,,,,,,,,,,,,,,,
,,,,,,,,,,,,,,,,,,,,,,
,,,,,,,,,,,,,,,,,,,,,,
,,,,,,,,,,,,,,,,,,,,,,
,,,,,,,,,,,,,,,,,,,,,,
,,,,,,,,,,,,,,,,,,,,,,
,,,,,,,,,,,,,,,,,,,,,,
,,,,,,,,,,,,,,,,,,,,,,
,,,,,,,,,,,,,,,,,,,,,,
,,,,,,,,,,,,,,,,,,,,,,
,,,,,,,,,,,,,,,,,,,,,,
,,,,,,,,,,,,,,,,,,,,,,
,,,,,,,,,,,,,,,,,,,,,,
,,,,,,,,,,,,,,,,,,,,,,
,,,,,,,,,,,,,,,,,,,,,,
,,,,,,,,,,,,,,,,,,,,,,
,,,,,,,,,,,,,,,,,,,,,,
,,,,,,,,,,,,,,,,,,,,,,
,,,,,,,,,,,,,,,,,,,,,,
,,,,,,,,,,,,,,,,,,,,,,
,,,,,,,,,,,,,,,,,,,,,,
,,,,,,,,,,,,,,,,,,,,,,
,,,,,,,,,,,,,,,,,,,,,,
,,,,,,,,,,,,,,,,,,,,,,
,,,,,,,,,,,,,,,,,,,,,,
,,,,,,,,,,,,,,,,,,,,,,
,,,,,,,,,,,,,,,,,,,,,,
,,,,,,,,,,,,,,,,,,,,,,
,,,,,,,,,,,,,,,,,,,,,,
,,,,,,,,,,,,,,,,,,,,,,
,,,,,,,,,,,,,,,,,,,,,,
,,,,,,,,,,,,,,,,,,,,,,
,,,,,,,,,,,,,,,,,,,,,,
,,,,,,,,,,,,,,,,,,,,,,
,,,,,,,,,,,,,,,,,,,,,,
,,,,,,,,,,,,,,,,,,,,,,
,,,,,,,,,,,,,,,,,,,,,,
,,,,,,,,,,,,,,,,,,,,,,
,,,,,,,,,,,,,,,,,,,,,,
,,,,,,,,,,,,,,,,,,,,,,
,,,,,,,,,,,,,,,,,,,,,,
,,,,,,,,,,,,,,,,,,,,,,
,,,,,,,,,,,,,,,,,,,,,,
,,,,,,,,,,,,,,,,,,,,,,
,,,,,,,,,,,,,,,,,,,,,,
,,,,,,,,,,,,,,,,,,,,,,
,,,,,,,,,,,,,,,,,,,,,,
,,,,,,,,,,,,,,,,,,,,,,
,,,,,,,,,,,,,,,,,,,,,,
,,,,,,,,,,,,,,,,,,,,,,
,,,,,,,,,,,,,,,,,,,,,,
,,,,,,,,,,,,,,,,,,,,,,
,,,,,,,,,,,,,,,,,,,,,,
,,,,,,,,,,,,,,,,,,,,,,
,,,,,,,,,,,,,,,,,,,,,,
,,,,,,,,,,,,,,,,,,,,,,
,,,,,,,,,,,,,,,,,,,,,,
,,,,,,,,,,,,,,,,,,,,,,
,,,,,,,,,,,,,,,,,,,,,,
,,,,,,,,,,,,,,,,,,,,,,
,,,,,,,,,,,,,,,,,,,,,,
,,,,,,,,,,,,,,,,,,,,,,
,,,,,,,,,,,,,,,,,,,,,,
,,,,,,,,,,,,,,,,,,,,,,
,,,,,,,,,,,,,,,,,,,,,,
,,,,,,,,,,,,,,,,,,,,,,
,,,,,,,,,,,,,,,,,,,,,,
,,,,,,,,,,,,,,,,,,,,,,
,,,,,,,,,,,,,,,,,,,,,,
,,,,,,,,,,,,,,,,,,,,,,
,,,,,,,,,,,,,,,,,,,,,,
,,,,,,,,,,,,,,,,,,,,,,
,,,,,,,,,,,,,,,,,,,,,,
,,,,,,,,,,,,,,,,,,,,,,
,,,,,,,,,,,,,,,,,,,,,,
,,,,,,,,,,,,,,,,,,,,,,
,,,,,,,,,,,,,,,,,,,,,,
,,,,,,,,,,,,,,,,,,,,,,
,,,,,,,,,,,,,,,,,,,,,,
,,,,,,,,,,,,,,,,,,,,,,
,,,,,,,,,,,,,,,,,,,,,,
,,,,,,,,,,,,,,,,,,,,,,
,,,,,,,,,,,,,,,,,,,,,,
,,,,,,,,,,,,,,,,,,,,,,
,,,,,,,,,,,,,,,,,,,,,,
,,,,,,,,,,,,,,,,,,,,,,
,,,,,,,,,,,,,,,,,,,,,,
,,,,,,,,,,,,,,,,,,,,,,
,,,,,,,,,,,,,,,,,,,,,,
,,,,,,,,,,,,,,,,,,,,,,
,,,,,,,,,,,,,,,,,,,,,,
,,,,,,,,,,,,,,,,,,,,,,
,,,,,,,,,,,,,,,,,,,,,,
,,,,,,,,,,,,,,,,,,,,,,
,,,,,,,,,,,,,,,,,,,,,,
,,,,,,,,,,,,,,,,,,,,,,
,,,,,,,,,,,,,,,,,,,,,,
,,,,,,,,,,,,,,,,,,,,,,
,,,,,,,,,,,,,,,,,,,,,,
,,,,,,,,,,,,,,,,,,,,,,
,,,,,,,,,,,,,,,,,,,,,,
,,,,,,,,,,,,,,,,,,,,,,
,,,,,,,,,,,,,,,,,,,,,,
,,,,,,,,,,,,,,,,,,,,,,
,,,,,,,,,,,,,,,,,,,,,,
,,,,,,,,,,,,,,,,,,,,,,
,,,,,,,,,,,,,,,,,,,,,,
,,,,,,,,,,,,,,,,,,,,,,
,,,,,,,,,,,,,,,,,,,,,,
,,,,,,,,,,,,,,,,,,,,,,
,,,,,,,,,,,,,,,,,,,,,,
,,,,,,,,,,,,,,,,,,,,,,
,,,,,,,,,,,,,,,,,,,,,,
,,,,,,,,,,,,,,,,,,,,,,
,,,,,,,,,,,,,,,,,,,,,,
,,,,,,,,,,,,,,,,,,,,,,
,,,,,,,,,,,,,,,,,,,,,,
,,,,,,,,,,,,,,,,,,,,,,
,,,,,,,,,,,,,,,,,,,,,,
,,,,,,,,,,,,,,,,,,,,,,
,,,,,,,,,,,,,,,,,,,,,,
,,,,,,,,,,,,,,,,,,,,,,
,,,,,,,,,,,,,,,,,,,,,,
,,,,,,,,,,,,,,,,,,,,,,
,,,,,,,,,,,,,,,,,,,,,,
,,,,,,,,,,,,,,,,,,,,,,
,,,,,,,,,,,,,,,,,,,,,,
,,,,,,,,,,,,,,,,,,,,,,
,,,,,,,,,,,,,,,,,,,,,,
,,,,,,,,,,,,,,,,,,,,,,
,,,,,,,,,,,,,,,,,,,,,,
,,,,,,,,,,,,,,,,,,,,,,
,,,,,,,,,,,,,,,,,,,,,,
,,,,,,,,,,,,,,,,,,,,,,
,,,,,,,,,,,,,,,,,,,,,,
,,,,,,,,,,,,,,,,,,,,,,
,,,,,,,,,,,,,,,,,,,,,,
,,,,,,,,,,,,,,,,,,,,,,
,,,,,,,,,,,,,,,,,,,,,,
,,,,,,,,,,,,,,,,,,,,,,
,,,,,,,,,,,,,,,,,,,,,,
,,,,,,,,,,,,,,,,,,,,,,
,,,,,,,,,,,,,,,,,,,,,,
,,,,,,,,,,,,,,,,,,,,,,
,,,,,,,,,,,,,,,,,,,,,,
,,,,,,,,,,,,,,,,,,,,,,
,,,,,,,,,,,,,,,,,,,,,,
,,,,,,,,,,,,,,,,,,,,,,
,,,,,,,,,,,,,,,,,,,,,,
,,,,,,,,,,,,,,,,,,,,,,
,,,,,,,,,,,,,,,,,,,,,,
,,,,,,,,,,,,,,,,,,,,,,
,,,,,,,,,,,,,,,,,,,,,,
,,,,,,,,,,,,,,,,,,,,,,
,,,,,,,,,,,,,,,,,,,,,,
,,,,,,,,,,,,,,,,,,,,,,
,,,,,,,,,,,,,,,,,,,,,,
,,,,,,,,,,,,,,,,,,,,,,
,,,,,,,,,,,,,,,,,,,,,,
,,,,,,,,,,,,,,,,,,,,,,
,,,,,,,,,,,,,,,,,,,,,,
,,,,,,,,,,,,,,,,,,,,,,
,,,,,,,,,,,,,,,,,,,,,,
,,,,,,,,,,,,,,,,,,,,,,
,,,,,,,,,,,,,,,,,,,,,,
,,,,,,,,,,,,,,,,,,,,,,
,,,,,,,,,,,,,,,,,,,,,,
,,,,,,,,,,,,,,,,,,,,,,
,,,,,,,,,,,,,,,,,,,,,,
,,,,,,,,,,,,,,,,,,,,,,
,,,,,,,,,,,,,,,,,,,,,,
,,,,,,,,,,,,,,,,,,,,,,
,,,,,,,,,,,,,,,,,,,,,,
,,,,,,,,,,,,,,,,,,,,,,
,,,,,,,,,,,,,,,,,,,,,,
,,,,,,,,,,,,,,,,,,,,,,
,,,,,,,,,,,,,,,,,,,,,,
,,,,,,,,,,,,,,,,,,,,,,
,,,,,,,,,,,,,,,,,,,,,,
,,,,,,,,,,,,,,,,,,,,,,
,,,,,,,,,,,,,,,,,,,,,,
,,,,,,,,,,,,,,,,,,,,,,
,,,,,,,,,,,,,,,,,,,,,,
,,,,,,,,,,,,,,,,,,,,,,
,,,,,,,,,,,,,,,,,,,,,,
,,,,,,,,,,,,,,,,,,,,,,
,,,,,,,,,,,,,,,,,,,,,,
,,,,,,,,,,,,,,,,,,,,,,
,,,,,,,,,,,,,,,,,,,,,,
,,,,,,,,,,,,,,,,,,,,,,
,,,,,,,,,,,,,,,,,,,,,,
,,,,,,,,,,,,,,,,,,,,,,
,,,,,,,,,,,,,,,,,,,,,,
,,,,,,,,,,,,,,,,,,,,,,
,,,,,,,,,,,,,,,,,,,,,,
,,,,,,,,,,,,,,,,,,,,,,
,,,,,,,,,,,,,,,,,,,,,,
,,,,,,,,,,,,,,,,,,,,,,
,,,,,,,,,,,,,,,,,,,,,,
,,,,,,,,,,,,,,,,,,,,,,
,,,,,,,,,,,,,,,,,,,,,,
,,,,,,,,,,,,,,,,,,,,,,
,,,,,,,,,,,,,,,,,,,,,,
,,,,,,,,,,,,,,,,,,,,,,
,,,,,,,,,,,,,,,,,,,,,,
,,,,,,,,,,,,,,,,,,,,,,
,,,,,,,,,,,,,,,,,,,,,,
,,,,,,,,,,,,,,,,,,,,,,
,,,,,,,,,,,,,,,,,,,,,,
,,,,,,,,,,,,,,,,,,,,,,
,,,,,,,,,,,,,,,,,,,,,,
,,,,,,,,,,,,,,,,,,,,,,
,,,,,,,,,,,,,,,,,,,,,,
,,,,,,,,,,,,,,,,,,,,,,
,,,,,,,,,,,,,,,,,,,,,,
,,,,,,,,,,,,,,,,,,,,,,
,,,,,,,,,,,,,,,,,,,,,,
,,,,,,,,,,,,,,,,,,,,,,
,,,,,,,,,,,,,,,,,,,,,,
,,,,,,,,,,,,,,,,,,,,,,
,,,,,,,,,,,,,,,,,,,,,,
,,,,,,,,,,,,,,,,,,,,,,
,,,,,,,,,,,,,,,,,,,,,,
,,,,,,,,,,,,,,,,,,,,,,
,,,,,,,,,,,,,,,,,,,,,,
,,,,,,,,,,,,,,,,,,,,,,
,,,,,,,,,,,,,,,,,,,,,,
,,,,,,,,,,,,,,,,,,,,,,
,,,,,,,,,,,,,,,,,,,,,,
,,,,,,,,,,,,,,,,,,,,,,
,,,,,,,,,,,,,,,,,,,,,,
,,,,,,,,,,,,,,,,,,,,,,
,,,,,,,,,,,,,,,,,,,,,,
,,,,,,,,,,,,,,,,,,,,,,
,,,,,,,,,,,,,,,,,,,,,,
,,,,,,,,,,,,,,,,,,,,,,
,,,,,,,,,,,,,,,,,,,,,,
,,,,,,,,,,,,,,,,,,,,,,
,,,,,,,,,,,,,,,,,,,,,,
,,,,,,,,,,,,,,,,,,,,,,
,,,,,,,,,,,,,,,,,,,,,,
,,,,,,,,,,,,,,,,,,,,,,
,,,,,,,,,,,,,,,,,,,,,,
,,,,,,,,,,,,,,,,,,,,,,
,,,,,,,,,,,,,,,,,,,,,,
,,,,,,,,,,,,,,,,,,,,,,
,,,,,,,,,,,,,,,,,,,,,,
,,,,,,,,,,,,,,,,,,,,,,
,,,,,,,,,,,,,,,,,,,,,,
,,,,,,,,,,,,,,,,,,,,,,
,,,,,,,,,,,,,,,,,,,,,,
,,,,,,,,,,,,,,,,,,,,,,
,,,,,,,,,,,,,,,,,,,,,,
,,,,,,,,,,,,,,,,,,,,,,
,,,,,,,,,,,,,,,,,,,,,,
,,,,,,,,,,,,,,,,,,,,,,
,,,,,,,,,,,,,,,,,,,,,,
,,,,,,,,,,,,,,,,,,,,,,
,,,,,,,,,,,,,,,,,,,,,,
,,,,,,,,,,,,,,,,,,,,,,
,,,,,,,,,,,,,,,,,,,,,,
,,,,,,,,,,,,,,,,,,,,,,
,,,,,,,,,,,,,,,,,,,,,,
,,,,,,,,,,,,,,,,,,,,,,
,,,,,,,,,,,,,,,,,,,,,,
,,,,,,,,,,,,,,,,,,,,,,
,,,,,,,,,,,,,,,,,,,,,,
,,,,,,,,,,,,,,,,,,,,,,
,,,,,,,,,,,,,,,,,,,,,,
,,,,,,,,,,,,,,,,,,,,,,
,,,,,,,,,,,,,,,,,,,,,,
,,,,,,,,,,,,,,,,,,,,,,
,,,,,,,,,,,,,,,,,,,,,,
,,,,,,,,,,,,,,,,,,,,,,
,,,,,,,,,,,,,,,,,,,,,,
,,,,,,,,,,,,,,,,,,,,,,
,,,,,,,,,,,,,,,,,,,,,,
,,,,,,,,,,,,,,,,,,,,,,
,,,,,,,,,,,,,,,,,,,,,,
,,,,,,,,,,,,,,,,,,,,,,
,,,,,,,,,,,,,,,,,,,,,,
,,,,,,,,,,,,,,,,,,,,,,
,,,,,,,,,,,,,,,,,,,,,,
,,,,,,,,,,,,,,,,,,,,,,
,,,,,,,,,,,,,,,,,,,,,,
,,,,,,,,,,,,,,,,,,,,,,
,,,,,,,,,,,,,,,,,,,,,,
,,,,,,,,,,,,,,,,,,,,,,
,,,,,,,,,,,,,,,,,,,,,,
,,,,,,,,,,,,,,,,,,,,,,
,,,,,,,,,,,,,,,,,,,,,,
,,,,,,,,,,,,,,,,,,,,,,
,,,,,,,,,,,,,,,,,,,,,,
,,,,,,,,,,,,,,,,,,,,,,
,,,,,,,,,,,,,,,,,,,,,,
,,,,,,,,,,,,,,,,,,,,,,
,,,,,,,,,,,,,,,,,,,,,,
,,,,,,,,,,,,,,,,,,,,,,
,,,,,,,,,,,,,,,,,,,,,,
,,,,,,,,,,,,,,,,,,,,,,
,,,,,,,,,,,,,,,,,,,,,,
,,,,,,,,,,,,,,,,,,,,,,
,,,,,,,,,,,,,,,,,,,,,,
,,,,,,,,,,,,,,,,,,,,,,
,,,,,,,,,,,,,,,,,,,,,,
,,,,,,,,,,,,,,,,,,,,,,
,,,,,,,,,,,,,,,,,,,,,,
,,,,,,,,,,,,,,,,,,,,,,
,,,,,,,,,,,,,,,,,,,,,,
,,,,,,,,,,,,,,,,,,,,,,
,,,,,,,,,,,,,,,,,,,,,,
,,,,,,,,,,,,,,,,,,,,,,
,,,,,,,,,,,,,,,,,,,,,,
,,,,,,,,,,,,,,,,,,,,,,
,,,,,,,,,,,,,,,,,,,,,,
,,,,,,,,,,,,,,,,,,,,,,
,,,,,,,,,,,,,,,,,,,,,,
,,,,,,,,,,,,,,,,,,,,,,
,,,,,,,,,,,,,,,,,,,,,,
,,,,,,,,,,,,,,,,,,,,,,
,,,,,,,,,,,,,,,,,,,,,,
,,,,,,,,,,,,,,,,,,,,,,
,,,,,,,,,,,,,,,,,,,,,,
,,,,,,,,,,,,,,,,,,,,,,
,,,,,,,,,,,,,,,,,,,,,,
,,,,,,,,,,,,,,,,,,,,,,
,,,,,,,,,,,,,,,,,,,,,,
,,,,,,,,,,,,,,,,,,,,,,
,,,,,,,,,,,,,,,,,,,,,,
,,,,,,,,,,,,,,,,,,,,,,
,,,,,,,,,,,,,,,,,,,,,,
,,,,,,,,,,,,,,,,,,,,,,
,,,,,,,,,,,,,,,,,,,,,,
,,,,,,,,,,,,,,,,,,,,,,
,,,,,,,,,,,,,,,,,,,,,,
,,,,,,,,,,,,,,,,,,,,,,
,,,,,,,,,,,,,,,,,,,,,,
,,,,,,,,,,,,,,,,,,,,,,
,,,,,,,,,,,,,,,,,,,,,,
,,,,,,,,,,,,,,,,,,,,,,
,,,,,,,,,,,,,,,,,,,,,,
,,,,,,,,,,,,,,,,,,,,,,
,,,,,,,,,,,,,,,,,,,,,,
,,,,,,,,,,,,,,,,,,,,,,
,,,,,,,,,,,,,,,,,,,,,,
,,,,,,,,,,,,,,,,,,,,,,
,,,,,,,,,,,,,,,,,,,,,,
,,,,,,,,,,,,,,,,,,,,,,
,,,,,,,,,,,,,,,,,,,,,,
,,,,,,,,,,,,,,,,,,,,,,
,,,,,,,,,,,,,,,,,,,,,,
,,,,,,,,,,,,,,,,,,,,,,
,,,,,,,,,,,,,,,,,,,,,,
,,,,,,,,,,,,,,,,,,,,,,
,,,,,,,,,,,,,,,,,,,,,,
,,,,,,,,,,,,,,,,,,,,,,
,,,,,,,,,,,,,,,,,,,,,,
,,,,,,,,,,,,,,,,,,,,,,
,,,,,,,,,,,,,,,,,,,,,,
,,,,,,,,,,,,,,,,,,,,,,
,,,,,,,,,,,,,,,,,,,,,,
,,,,,,,,,,,,,,,,,,,,,,
,,,,,,,,,,,,,,,,,,,,,,
,,,,,,,,,,,,,,,,,,,,,,
,,,,,,,,,,,,,,,,,,,,,,
,,,,,,,,,,,,,,,,,,,,,,
,,,,,,,,,,,,,,,,,,,,,,
,,,,,,,,,,,,,,,,,,,,,,
,,,,,,,,,,,,,,,,,,,,,,
,,,,,,,,,,,,,,,,,,,,,,
,,,,,,,,,,,,,,,,,,,,,,
,,,,,,,,,,,,,,,,,,,,,,
,,,,,,,,,,,,,,,,,,,,,,
,,,,,,,,,,,,,,,,,,,,,,
,,,,,,,,,,,,,,,,,,,,,,
,,,,,,,,,,,,,,,,,,,,,,
,,,,,,,,,,,,,,,,,,,,,,
,,,,,,,,,,,,,,,,,,,,,,
,,,,,,,,,,,,,,,,,,,,,,
,,,,,,,,,,,,,,,,,,,,,,
,,,,,,,,,,,,,,,,,,,,,,
,,,,,,,,,,,,,,,,,,,,,,
,,,,,,,,,,,,,,,,,,,,,,
,,,,,,,,,,,,,,,,,,,,,,
,,,,,,,,,,,,,,,,,,,,,,
,,,,,,,,,,,,,,,,,,,,,,
,,,,,,,,,,,,,,,,,,,,,,
,,,,,,,,,,,,,,,,,,,,,,
,,,,,,,,,,,,,,,,,,,,,,
,,,,,,,,,,,,,,,,,,,,,,
,,,,,,,,,,,,,,,,,,,,,,
,,,,,,,,,,,,,,,,,,,,,,
,,,,,,,,,,,,,,,,,,,,,,
,,,,,,,,,,,,,,,,,,,,,,
,,,,,,,,,,,,,,,,,,,,,,
,,,,,,,,,,,,,,,,,,,,,,
,,,,,,,,,,,,,,,,,,,,,,
,,,,,,,,,,,,,,,,,,,,,,
,,,,,,,,,,,,,,,,,,,,,,
,,,,,,,,,,,,,,,,,,,,,,
,,,,,,,,,,,,,,,,,,,,,,
,,,,,,,,,,,,,,,,,,,,,,
,,,,,,,,,,,,,,,,,,,,,,
,,,,,,,,,,,,,,,,,,,,,,
,,,,,,,,,,,,,,,,,,,,,,
,,,,,,,,,,,,,,,,,,,,,,
,,,,,,,,,,,,,,,,,,,,,,
,,,,,,,,,,,,,,,,,,,,,,
,,,,,,,,,,,,,,,,,,,,,,
,,,,,,,,,,,,,,,,,,,,,,
,,,,,,,,,,,,,,,,,,,,,,
,,,,,,,,,,,,,,,,,,,,,,
,,,,,,,,,,,,,,,,,,,,,,
,,,,,,,,,,,,,,,,,,,,,,
,,,,,,,,,,,,,,,,,,,,,,
,,,,,,,,,,,,,,,,,,,,,,
,,,,,,,,,,,,,,,,,,,,,,
,,,,,,,,,,,,,,,,,,,,,,
,,,,,,,,,,,,,,,,,,,,,,
,,,,,,,,,,,,,,,,,,,,,,
,,,,,,,,,,,,,,,,,,,,,,
,,,,,,,,,,,,,,,,,,,,,,
,,,,,,,,,,,,,,,,,,,,,,
,,,,,,,,,,,,,,,,,,,,,,
,,,,,,,,,,,,,,,,,,,,,,
,,,,,,,,,,,,,,,,,,,,,,
,,,,,,,,,,,,,,,,,,,,,,
,,,,,,,,,,,,,,,,,,,,,,
,,,,,,,,,,,,,,,,,,,,,,
,,,,,,,,,,,,,,,,,,,,,,
,,,,,,,,,,,,,,,,,,,,,,
,,,,,,,,,,,,,,,,,,,,,,
,,,,,,,,,,,,,,,,,,,,,,
,,,,,,,,,,,,,,,,,,,,,,
,,,,,,,,,,,,,,,,,,,,,,
,,,,,,,,,,,,,,,,,,,,,,
,,,,,,,,,,,,,,,,,,,,,,
,,,,,,,,,,,,,,,,,,,,,,
,,,,,,,,,,,,,,,,,,,,,,
,,,,,,,,,,,,,,,,,,,,,,
,,,,,,,,,,,,,,,,,,,,,,
,,,,,,,,,,,,,,,,,,,,,,
,,,,,,,,,,,,,,,,,,,,,,
,,,,,,,,,,,,,,,,,,,,,,
,,,,,,,,,,,,,,,,,,,,,,
,,,,,,,,,,,,,,,,,,,,,,
,,,,,,,,,,,,,,,,,,,,,,
,,,,,,,,,,,,,,,,,,,,,,
,,,,,,,,,,,,,,,,,,,,,,
,,,,,,,,,,,,,,,,,,,,,,
,,,,,,,,,,,,,,,,,,,,,,
,,,,,,,,,,,,,,,,,,,,,,
,,,,,,,,,,,,,,,,,,,,,,
,,,,,,,,,,,,,,,,,,,,,,
,,,,,,,,,,,,,,,,,,,,,,
,,,,,,,,,,,,,,,,,,,,,,
,,,,,,,,,,,,,,,,,,,,,,
,,,,,,,,,,,,,,,,,,,,,,
,,,,,,,,,,,,,,,,,,,,,,
,,,,,,,,,,,,,,,,,,,,,,
,,,,,,,,,,,,,,,,,,,,,,
,,,,,,,,,,,,,,,,,,,,,,
,,,,,,,,,,,,,,,,,,,,,,
,,,,,,,,,,,,,,,,,,,,,,
,,,,,,,,,,,,,,,,,,,,,,
,,,,,,,,,,,,,,,,,,,,,,
,,,,,,,,,,,,,,,,,,,,,,
,,,,,,,,,,,,,,,,,,,,,,
,,,,,,,,,,,,,,,,,,,,,,
,,,,,,,,,,,,,,,,,,,,,,
,,,,,,,,,,,,,,,,,,,,,,
,,,,,,,,,,,,,,,,,,,,,,
,,,,,,,,,,,,,,,,,,,,,,
,,,,,,,,,,,,,,,,,,,,,,
,,,,,,,,,,,,,,,,,,,,,,
,,,,,,,,,,,,,,,,,,,,,,
,,,,,,,,,,,,,,,,,,,,,,
,,,,,,,,,,,,,,,,,,,,,,
,,,,,,,,,,,,,,,,,,,,,,
,,,,,,,,,,,,,,,,,,,,,,
,,,,,,,,,,,,,,,,,,,,,,
,,,,,,,,,,,,,,,,,,,,,,
,,,,,,,,,,,,,,,,,,,,,,
,,,,,,,,,,,,,,,,,,,,,,
,,,,,,,,,,,,,,,,,,,,,,
,,,,,,,,,,,,,,,,,,,,,,
,,,,,,,,,,,,,,,,,,,,,,
,,,,,,,,,,,,,,,,,,,,,,
,,,,,,,,,,,,,,,,,,,,,,
,,,,,,,,,,,,,,,,,,,,,,
,,,,,,,,,,,,,,,,,,,,,,
